,"District Name
(in English)","Sub District Name
(in English)","Village Name
(in English)","Local Body Name
(in English)"
54166,HARDOI,Bilgram,Adampur,ADAMPUR
54167,HARDOI,Bilgram,Akbarpur,AKBARPUR
54168,HARDOI,Bilgram,Akbarpur Pasnamau,AKBARPUR PASNAMAU
54169,HARDOI,Bilgram,Akhtyarpur,PANTHAURI
54170,HARDOI,Bilgram,Akhwailpur Malwa,AKHWAILPUR MALWA
54171,HARDOI,Bilgram,Alaapur,ALAAPUR
54172,HARDOI,Bilgram,Alapur,DHONDHI
54173,HARDOI,Bilgram,Aliapur,KOILARA
54174,HARDOI,Bilgram,Aligarh,ALIGARH
54175,HARDOI,Bilgram,Allipur,RASOOLPUR AIMA
54176,HARDOI,Bilgram,Amilookha,JAJWASI
54177,HARDOI,Bilgram,Ashafpur,BERUA NIZAMPUR
54178,HARDOI,Bilgram,Atarchha Buzurg,ATARCHHA BUZURG
54179,HARDOI,Bilgram,Atarchha Khurd,ATARCHHA KHURD
54180,HARDOI,Bilgram,Atwa Ali Mardanpur,ATWA ALI MARDANPUR
54181,HARDOI,Bilgram,Atwara Chak Kola,ATWARA CHAK KOLA
54182,HARDOI,Bilgram,Auhadpur,SANDI DEHAT
54183,HARDOI,Bilgram,Ausanpur,AUSANPUR
54184,HARDOI,Bilgram,Azmat Nagar Pansala,AZMAT NAGAR
54185,HARDOI,Bilgram,Azmat Nagar Sisala,AZMAT NAGAR
54186,HARDOI,Bilgram,Babatmau,BABATMAU
54187,HARDOI,Bilgram,Babatmau Pansala,BABATMAU
54188,HARDOI,Bilgram,Baghaurha,BAGHAURHA
54189,HARDOI,Bilgram,Baghiyari,BAGHIYARI  CHOUGWAN
54190,HARDOI,Bilgram,Bagh Rai,BAGH RAI
54191,HARDOI,Bilgram,Bahadur Nagar,PAKRA  SAIDAPUR
54192,HARDOI,Bilgram,Baifaria,BAIFARIA
54193,HARDOI,Bilgram,Bakhaura,BAKHAURA
54194,HARDOI,Bilgram,Balehra Kamal Nagar,BALEHRA KAMAL NAGAR
54195,HARDOI,Bilgram,Balenda,JARAULI SHERPUR
54196,HARDOI,Bilgram,Band,BAND
54197,HARDOI,Bilgram,Bansa,BANSA
54198,HARDOI,Bilgram,Barauna,BARAUNA
54199,HARDOI,Bilgram,Bargawan,BARGAWAN
54200,HARDOI,Bilgram,Barhanpur,BARHANPUR  FATT Y
54201,HARDOI,Bilgram,Barhas,BARHAS
54202,HARDOI,Bilgram,Barhiya Kherha,BARHIYA KHERHA
54203,HARDOI,Bilgram,Barhnawa,BARHNAWA
54204,HARDOI,Bilgram,Barhuwan,BRHUYA MUSAYPUR
54205,HARDOI,Bilgram,Bashar,BASHAR  KUTULUPUR
54206,HARDOI,Bilgram,Behta Bujurg,BEHTA BUJURG
54207,HARDOI,Bilgram,Behti Chiragpur,SANDI DEHAT
54208,HARDOI,Bilgram,Behti Khurd,BEHTI KHURD
54209,HARDOI,Bilgram,Beria Nazirpur,BERIA NAZIRPUR
54210,HARDOI,Bilgram,Berua Nizampur,BERUA NIZAMPUR
54211,HARDOI,Bilgram,Bhagtoopur,BHAGTUPUR  SANTUPUR
54212,HARDOI,Bilgram,Bhainsi Kherha,BHAINS MAU
54213,HARDOI,Bilgram,Bhairampur,BHAIRAMPUR
54214,HARDOI,Bilgram,Bhajehata,BHAJEHATA  TIGAWAN
54215,HARDOI,Bilgram,Bharhwal Salempur,BHARHWAL SALEMPUR
54216,HARDOI,Bilgram,Bhasoorha,VIHESHWARPUR
54217,HARDOI,Bilgram,Bhaurajpur,SANDI DEHAT
54218,HARDOI,Bilgram,Bhikharipur Katiya,KTIYA BHIKARIPUR
54219,HARDOI,Bilgram,Bhikhpur,PARSAPUR
54220,HARDOI,Bilgram,Bhithai,BHITHAI
54221,HARDOI,Bilgram,Bhogaitapur,BHAGOUTAPUR
54222,HARDOI,Bilgram,Bhool Bhawanipur,LACHHIPUR
54223,HARDOI,Bilgram,Bikapur,BIKAPUR
54224,HARDOI,Bilgram,Bilgram (Rural),BERUA NIZAMPUR
54225,HARDOI,Bilgram,Bindhouri,BINDORI   NEVADA
54226,HARDOI,Bilgram,Biraichmau,BIRAICHMAU
54227,HARDOI,Bilgram,Biraichmau,BIRAICHMAU
54228,HARDOI,Bilgram,Birauri,BIRAURI
54229,HARDOI,Bilgram,Birni,BIRNI
54230,HARDOI,Bilgram,Bochanpur,BAGHIYARI  CHOUGWAN
54231,HARDOI,Bilgram,Bojhbar,BERUA NIZAMPUR
54232,HARDOI,Bilgram,Chachrapur,CHACHRAPUR
54233,HARDOI,Bilgram,Chak Bonria,KAREHKA  CHOUGWAN
54234,HARDOI,Bilgram,Chandauli,CHANDAULI
54235,HARDOI,Bilgram,Chandipur,CHANDIPUR  RASULPUR
54236,HARDOI,Bilgram,Chandpur,CHANDPUR
54237,HARDOI,Bilgram,Chaudhariapur,CHAUDHARIAPUR  HUSEPUR
54238,HARDOI,Bilgram,Chauharpur,BIRNI
54239,HARDOI,Bilgram,Chhibramau,CHHIBRAMAU
54240,HARDOI,Bilgram,Choliapur,KAREHKA  CHOUGWAN
54241,HARDOI,Bilgram,Dabha,DABHA
54242,HARDOI,Bilgram,Dakauli,DAKAULI
54243,HARDOI,Bilgram,Darapur,DARAPUR
54244,HARDOI,Bilgram,Daroo Kuinya,DAROO KUINYA
54245,HARDOI,Bilgram,Dasraichmau,AUSANPUR
54246,HARDOI,Bilgram,Daudpur,MANIMAU
54247,HARDOI,Bilgram,Daulatyarpur,DAULATYA PUR
54248,HARDOI,Bilgram,Dhandhamau,DHANDHAMAU   NAIKPUR
54249,HARDOI,Bilgram,Dhansari,KACHANA
54250,HARDOI,Bilgram,Dherhni Saraiya,THERNI SARAIYA
54251,HARDOI,Bilgram,Dhondhi,DHONDHI
54252,HARDOI,Bilgram,Dhondhpur,DHODHPUR
54253,HARDOI,Bilgram,Diwali,DIWALI
54254,HARDOI,Bilgram,Durgaganj,DURGAGANJ
54255,HARDOI,Bilgram,Faizpur Kampoo,BAGHIYARI  CHOUGWAN
54256,HARDOI,Bilgram,Fatteypur,PANEORA
54257,HARDOI,Bilgram,Fatteypur Chougawan,FATTEYPUR CHOUGAWAN
54258,HARDOI,Bilgram,Firozpur,FIROZPUR
54259,HARDOI,Bilgram,Fulai,PHULAI
54260,HARDOI,Bilgram,Gang Barar Katri Jarsenamau,JARSENAMAU
54261,HARDOI,Bilgram,Gang Barar Katri Jarsenamau Ch,JARSENAMAU
54262,HARDOI,Bilgram,Ganipur,RAHULA
54263,HARDOI,Bilgram,Ganjari,GANJARI
54264,HARDOI,Bilgram,Garhi Rasoolpur,MOHABBATPUR
54265,HARDOI,Bilgram,Gaura,GAURA
54266,HARDOI,Bilgram,Gautara,GAUTARA
54267,HARDOI,Bilgram,Goswa,BEEHAT  NEVADA
54268,HARDOI,Bilgram,Govardhanpur,BARAUNA
54269,HARDOI,Bilgram,Gujrai,GUJRAI
54270,HARDOI,Bilgram,Gurauli,GURAULI
54271,HARDOI,Bilgram,Haibatpur,HAIBATPUR
54272,HARDOI,Bilgram,Hansaulia,HANSAULIA
54273,HARDOI,Bilgram,Haraiyapur,SHAHPUR
54274,HARDOI,Bilgram,Haripura,HARIPURA
54275,HARDOI,Bilgram,Harraiya,HARRAIYA  SAHIMPUR
54276,HARDOI,Bilgram,Hasanpur Gopal,HASNAPUR MURAULI
54277,HARDOI,Bilgram,Hasanpur Jeoli,HASANPUR JEOLI
54278,HARDOI,Bilgram,Hasnapur,HASNAPUR
54279,HARDOI,Bilgram,Hasnapur Pansala,HASNAPUR
54280,HARDOI,Bilgram,Hasnapur Sisala,HASNAPUR
54281,HARDOI,Bilgram,Hazratpur,HAZRATPUR   AUSANPUR
54282,HARDOI,Bilgram,Herwal,HERWAL
54283,HARDOI,Bilgram,Hirapur,HIRAPUR
54284,HARDOI,Bilgram,Hunseypur Pansala,CHAUDHARIAPUR  HUSEPUR
54285,HARDOI,Bilgram,Hunseypur Sisala,CHAUDHARIAPUR  HUSEPUR
54286,HARDOI,Bilgram,Ibrahimpur,IBRAHIMPUR
54287,HARDOI,Bilgram,Iksai,EIKSAI
54288,HARDOI,Bilgram,Indlapur,MORHIYA KHERHA
54289,HARDOI,Bilgram,Ishwarpur Saee,ISHWARPUR SAEE
54290,HARDOI,Bilgram,Islampur Jagai,ISLAMPUR JAGAI
54291,HARDOI,Bilgram,Itauli,ALIGARH
54292,HARDOI,Bilgram,Jajwasi,JAJWASI
54293,HARDOI,Bilgram,Jalalabad,GANJ JALALABAD
54294,HARDOI,Bilgram,Jalalpur,BABATMAU
54295,HARDOI,Bilgram,Jalalpur,JALALPUR
54296,HARDOI,Bilgram,Jalihapur,JALIHAPUR
54297,HARDOI,Bilgram,Jarauli Kalan Pansala,JARAULI RAIPURA
54298,HARDOI,Bilgram,Jarauli Kalan Sisala,JARAULI RAIPURA
54299,HARDOI,Bilgram,Jarauli Sherpur,JARAULI SHERPUR
54300,HARDOI,Bilgram,Jarsenamau,JARSENAMAU
54301,HARDOI,Bilgram,Jatpura,MURAULI GWAL
54302,HARDOI,Bilgram,Jujvamau,JUJVAMAU
54303,HARDOI,Bilgram,Kachana,KACHANA
54304,HARDOI,Bilgram,Kaeemau Kuvariapur,KAIMAU KUVARIAPUR
54305,HARDOI,Bilgram,Kakerhi,KAKERHI
54306,HARDOI,Bilgram,Kakra Kherha,KAKRA KHERHA
54307,HARDOI,Bilgram,kalhapur,FATTEYPUR CHOUGAWAN
54308,HARDOI,Bilgram,Kalyanpur,KALYANPUR
54309,HARDOI,Bilgram,Kanthari,KANTHARI
54310,HARDOI,Bilgram,Karehka,KAREHKA  CHOUGWAN
54311,HARDOI,Bilgram,Karwa,KARWA
54312,HARDOI,Bilgram,Katarpur,NAUMALIKPUR
54313,HARDOI,Bilgram,Katri Azmatpur,KATRI BICHHUYA
54314,HARDOI,Bilgram,Katri Banda,KATRI BILUHI
54315,HARDOI,Bilgram,Katri Bichhuya,KATRI BICHHUYA
54316,HARDOI,Bilgram,Katri Biluhi,KATRI BILUHI
54317,HARDOI,Bilgram,Katri Chhibramau,KATRI CHHIBRAMAU
54318,HARDOI,Bilgram,Katri Jarsenamau,JARSENAMAU
54319,HARDOI,Bilgram,Katri Karehka,KAREHKA  CHOUGWAN
54320,HARDOI,Bilgram,Katri Kar Talab Khanpur,MEORA
54321,HARDOI,Bilgram,Katri Mahdeva,MEORA
54322,HARDOI,Bilgram,Katri Meora,MEORA
54323,HARDOI,Bilgram,Katri Parsola,KATRI PARSOLA
54324,HARDOI,Bilgram,Katriterwa Kulli,TERWA KULLI
54325,HARDOI,Bilgram,Katri Zaferpur,ZAFFARPUR  TIGAWAN
54326,HARDOI,Bilgram,Keoti Khuwazagipur,KEOTI KHUWAZAGIPUR
54327,HARDOI,Bilgram,Kha Dheria Khan Jahanpur,KHA DHERIA KHAN JAHANPUR
54328,HARDOI,Bilgram,Khairuddinpur,KALYANPUR
54329,HARDOI,Bilgram,Khairullapur,BAGHIYARI  CHOUGWAN
54330,HARDOI,Bilgram,Khalil Nagar,BERUA NIZAMPUR
54331,HARDOI,Bilgram,Khangheria,KHANDERIA
54332,HARDOI,Bilgram,Khemipur,KHEMIPUR  SAMJALPUR
54333,HARDOI,Bilgram,Kherwa,KHERWA
54334,HARDOI,Bilgram,Kherwa Amjadpur,SADULLAPUR
54335,HARDOI,Bilgram,khurda madarpur,KHURDA  MADARPUR
54336,HARDOI,Bilgram,Khurrampur,BHAJEHATA  TIGAWAN
54337,HARDOI,Bilgram,Khutehna,KHUTEHNA
54338,HARDOI,Bilgram,Khwazapur,NAUMALIKPUR
54339,HARDOI,Bilgram,Kodarmau,KODARMAU
54340,HARDOI,Bilgram,Koee,KOILARA
54341,HARDOI,Bilgram,Koilaee,KOILAEE NASEERPUR
54342,HARDOI,Bilgram,Koilara,KOILARA
54343,HARDOI,Bilgram,Kokatmau,KOKATMAU
54344,HARDOI,Bilgram,Kuberpur Pansala,MITMITPUR
54345,HARDOI,Bilgram,Kuberpur Sisala,MITMITPUR
54346,HARDOI,Bilgram,Kundrauli Sadikpur,KUNDRAULI SADIKPUR
54347,HARDOI,Bilgram,Kursath Buzurg,KURSATH BUZURG DEHAT
54348,HARDOI,Bilgram,Kursath Khurd,KURSATH KHURD  DEHAT
54349,HARDOI,Bilgram,Kutuapur,KUTUAPUR
54350,HARDOI,Bilgram,Kutuapur Pansala,KUTUAPUR
54351,HARDOI,Bilgram,Kutuapur Sisala,KUTUAPUR
54352,HARDOI,Bilgram,Kutuloopur,BASHAR  KUTULUPUR
54353,HARDOI,Bilgram,Lachhipur,LACHHIPUR
54354,HARDOI,Bilgram,Lalpur Kanhri,LALPUR KANHRI
54355,HARDOI,Bilgram,Lalpur Mirzapur,KAKRA KHERHA
54356,HARDOI,Bilgram,Madara,MADARA
54357,HARDOI,Bilgram,Maghiyaee Zaferpur,MAJIYA JAFARPUR
54358,HARDOI,Bilgram,mahanpur,SUMERPUR
54359,HARDOI,Bilgram,Mahimpur,KUTUAPUR
54360,HARDOI,Bilgram,Mahmood Nagar,JALALPUR
54361,HARDOI,Bilgram,Mahmoodpur,RAMPUR
54362,HARDOI,Bilgram,Mahmoodpur Thal,JUJVAMAU
54363,HARDOI,Bilgram,mahsonamau,ZAFFARPUR  TIGAWAN
54364,HARDOI,Bilgram,Mang Raha Pansala,MANGRAHA
54365,HARDOI,Bilgram,Mang Raha Sisala,MANGRAHA
54366,HARDOI,Bilgram,Manimau,MANIMAU
54367,HARDOI,Bilgram,Manjhgaon,MANJHGAON
54368,HARDOI,Bilgram,Manjhia,CHACHRAPUR
54369,HARDOI,Bilgram,Mansoor Nagar,MANSOORPUR  TIGAWAN
54370,HARDOI,Bilgram,Masoodpur,MAIKEPUR HATIMPUR
54371,HARDOI,Bilgram,Matiyamau,MATIYAMAU
54372,HARDOI,Bilgram,Mau,BHAINS MAU
54373,HARDOI,Bilgram,Mawaiya,BIRAICHMAU
54374,HARDOI,Bilgram,Menhdipur,MEHNDIPUR
54375,HARDOI,Bilgram,Meora,MEORA
54376,HARDOI,Bilgram,Mirnagar,SUMERPUR
54377,HARDOI,Bilgram,Mirzapur,SANDI DEHAT
54378,HARDOI,Bilgram,Mirzapur,SANDI DEHAT
54379,HARDOI,Bilgram,Mitmitpur Pansala,MITMITPUR
54380,HARDOI,Bilgram,Mitmitpur Sisala,MITMITPUR
54381,HARDOI,Bilgram,Mohabbatpur,MOHABBATPUR
54382,HARDOI,Bilgram,Mohammad Zamanpur,KAREHKA  CHOUGWAN
54383,HARDOI,Bilgram,Mohiuddinpur,MOHIUDDINPUR
54384,HARDOI,Bilgram,Morhiya Kherha,MORHIYA KHERHA
54385,HARDOI,Bilgram,muneerapur,ISLAMPUR JAGAI
54386,HARDOI,Bilgram,Murauli Gwal,MURAULI GWAL
54387,HARDOI,Bilgram,Murauli Katheria,HASNAPUR MURAULI
54388,HARDOI,Bilgram,Murtaza Kullipur,MURTAZA KULLIPUR
54389,HARDOI,Bilgram,Musepur,BRHUYA MUSAYPUR
54390,HARDOI,Bilgram,Mustafabad,MUSTAFABAD
54391,HARDOI,Bilgram,Nabipur,BARGAWAN
54392,HARDOI,Bilgram,Narainmau,THATHIYA NARAYANMAU
54393,HARDOI,Bilgram,Nasirpur,BHAGTUPUR  SANTUPUR
54394,HARDOI,Bilgram,Nasirpur,KOILAEE NASEERPUR
54395,HARDOI,Bilgram,Naumalikpur,NAUMALIKPUR
54396,HARDOI,Bilgram,Naurangpur,KAREHKA  CHOUGWAN
54397,HARDOI,Bilgram,Nayagaon,NAYAGAON
54398,HARDOI,Bilgram,Nekpur,MURTAZA KULLIPUR
54399,HARDOI,Bilgram,Nekpur Hatimpur,MAIKEPUR HATIMPUR
54400,HARDOI,Bilgram,Nekpur Newada,DHANDHAMAU   NAIKPUR
54401,HARDOI,Bilgram,Neoli,NEOLI  SARAIYA
54402,HARDOI,Bilgram,Newada,NEWADA
54403,HARDOI,Bilgram,Newada Gambhi,NEWADA GAMBHI
54404,HARDOI,Bilgram,Newada Mahmood,BEEHAT  NEVADA
54405,HARDOI,Bilgram,Newada Paras,NEVADA PARAS
54406,HARDOI,Bilgram,Nibhamau,JAIHDIPUR
54407,HARDOI,Bilgram,Noorpur Hathaura,NOORPUR HATHAURA
54408,HARDOI,Bilgram,Odara Jadim,RASOOLPUR AIMA
54409,HARDOI,Bilgram,Odara Kadim,RASOOLPUR AIMA
54410,HARDOI,Bilgram,Pahalbanabad,HASNAPUR MURAULI
54411,HARDOI,Bilgram,Paindapur,KAREHKA  CHOUGWAN
54412,HARDOI,Bilgram,Pakra,PAKRA  SAIDAPUR
54413,HARDOI,Bilgram,Paneora,PANEORA
54414,HARDOI,Bilgram,Panthauri,PANTHAURI
54415,HARDOI,Bilgram,Panthora,TERWA CHANDPUR
54416,HARDOI,Bilgram,Parauchi,PARUCHI
54417,HARDOI,Bilgram,Parchal Rasoolpur,PARCHAL RASOOLPUR
54418,HARDOI,Bilgram,Parhra Lakhanpur,PADRI LAKHANPUR
54419,HARDOI,Bilgram,Parmi,PARMI
54420,HARDOI,Bilgram,Parnakha,PARNAKHA
54421,HARDOI,Bilgram,Parsapur,PARSAPUR
54422,HARDOI,Bilgram,Parsola,PARSOLA
54423,HARDOI,Bilgram,Pasner,PASNER
54424,HARDOI,Bilgram,Pilkhana,USRAHA
54425,HARDOI,Bilgram,Pindari,PINDARI
54426,HARDOI,Bilgram,Piprawan,PIPRAWAN
54427,HARDOI,Bilgram,Puranmau,PURANMAU NAIKPUR
54428,HARDOI,Bilgram,Purwawan,PURWAYIA
54429,HARDOI,Bilgram,Qazipur Farhat Nagar,KAZIPUR PHARATNAGAR
54430,HARDOI,Bilgram,Qazipur Nai Basti,SUWAPUR KAJIPUR
54431,HARDOI,Bilgram,Radena Habib Nagar,RANAINA HABIB NAGAR
54432,HARDOI,Bilgram,Raghopur Pansala,RAGHOPUR
54433,HARDOI,Bilgram,Raghopur Sisala,RAGHOPUR
54434,HARDOI,Bilgram,Raghorampur,BHAGTUPUR  SANTUPUR
54435,HARDOI,Bilgram,Rahimpur lonar,RAHIMPUR LONARI
54436,HARDOI,Bilgram,Rahula,RAHULA
54437,HARDOI,Bilgram,Raipura,JARAULI RAIPURA
54438,HARDOI,Bilgram,Rajaypur,SHAHABUDDINPUR
54439,HARDOI,Bilgram,Ramapur,SHORA RAMPUR
54440,HARDOI,Bilgram,Rampur,RAMPUR
54441,HARDOI,Bilgram,Rampur Maghiyara,RAMPUR MAGHIYARA
54442,HARDOI,Bilgram,Rampur Maghiyara Pansala,RAMPUR MAGHIYARA
54443,HARDOI,Bilgram,Rasoolapur,CHANDIPUR  RASULPUR
54444,HARDOI,Bilgram,Rasoolpur Aima,RASOOLPUR AIMA
54445,HARDOI,Bilgram,Rasoolpur Goa,RASOOLPUR GOA
54446,HARDOI,Bilgram,Roshanpur,ROSHANPUR
54447,HARDOI,Bilgram,Rudamau,RUDAMAU
54448,HARDOI,Bilgram,Ruiya,RUIYA
54449,HARDOI,Bilgram,Ruknapur,RUKNAPUR
54450,HARDOI,Bilgram,Sadarpur,SADARPUR
54451,HARDOI,Bilgram,Sadipur,MEHNDIPUR
54452,HARDOI,Bilgram,Sadriapur,SADRIAPUR
54453,HARDOI,Bilgram,Sadullapur,SADULLAPUR
54454,HARDOI,Bilgram,Sagaicha Mau,SAGAICHA MAU
54455,HARDOI,Bilgram,Sahijana,SAHIJANA
54456,HARDOI,Bilgram,Sahimpur,HARRAIYA  SAHIMPUR
54457,HARDOI,Bilgram,Sahora,SHORA RAMPUR
54458,HARDOI,Bilgram,Saidapur,PAKRA  SAIDAPUR
54459,HARDOI,Bilgram,Saintiapur,SAITIAPUR
54460,HARDOI,Bilgram,Sakherha,SAKHERHA
54461,HARDOI,Bilgram,Samukha,SAMUKHA NEVADA
54462,HARDOI,Bilgram,Sandi (Rural),SANDI DEHAT
54463,HARDOI,Bilgram,Sandi (Rural) Pansala,SANDI DEHAT
54464,HARDOI,Bilgram,Sandi (Rural) Pansala,SANDI DEHAT
54465,HARDOI,Bilgram,Sanjalpur,KHEMIPUR  SAMJALPUR
54466,HARDOI,Bilgram,Sanjalpur,SANJALPUR
54467,HARDOI,Bilgram,Sanp Kherha,ZAFFARPUR  TIGAWAN
54468,HARDOI,Bilgram,Santapur,BHAGTUPUR  SANTUPUR
54469,HARDOI,Bilgram,Sarai Gauri,AKBARPUR
54470,HARDOI,Bilgram,Sarai Sultan,SARAI SULTAN
54471,HARDOI,Bilgram,Saray Ud,SARAY UD
54472,HARDOI,Bilgram,Sarhiyapur Pansala,SDHIYA PUR
54473,HARDOI,Bilgram,Sarhiyapur Sisala,SDHIYA PUR
54474,HARDOI,Bilgram,Sariyan Belwar,BHAJEHATA  TIGAWAN
54475,HARDOI,Bilgram,Saunhar,SAUHAR
54476,HARDOI,Bilgram,Selapur,SELAPUR
54477,HARDOI,Bilgram,Sendhrauli,SENDHRAULI
54478,HARDOI,Bilgram,Seorhai,SEODHAI
54479,HARDOI,Bilgram,Shahabuddinpur,SHAHABUDDINPUR
54480,HARDOI,Bilgram,Shahbda,SHAHBDA
54481,HARDOI,Bilgram,Shahpur,SHAHPUR
54482,HARDOI,Bilgram,Shahpur Basudev,SHAHPUR BASUDEV
54483,HARDOI,Bilgram,Shahpur Ganga,SHAHPUR GANGA
54484,HARDOI,Bilgram,Shahpur Pawanr Pansala,SHAHPUR PAWANR
54485,HARDOI,Bilgram,Shahpur Pawanr Sisala,SHAHPUR PAWANR
54486,HARDOI,Bilgram,Sharfuddinpur,SHARFUDDINPUR
54487,HARDOI,Bilgram,Sharifabad,ALIGARH
54488,HARDOI,Bilgram,Shekhanpur,SHEKHANPUR
54489,HARDOI,Bilgram,Shekhwapur,KEOTI KHUWAZAGIPUR
54490,HARDOI,Bilgram,Shuklapur Bhagat,SHUKLAPUR BHAGAT
54491,HARDOI,Bilgram,Shyampur,SHYAMPUR
54492,HARDOI,Bilgram,Siraichmau,SIRAICHMAU
54493,HARDOI,Bilgram,Sukroula,MUSTAFABAD
54494,HARDOI,Bilgram,Sultanpur Kot,SULTANPUR KOT
54495,HARDOI,Bilgram,Sumerpur,SUMERPUR
54496,HARDOI,Bilgram,Sunasi,SUNASI
54497,HARDOI,Bilgram,Suwapur,SUWAPUR KAJIPUR
54498,HARDOI,Bilgram,Tarauli,TARAULI
54499,HARDOI,Bilgram,Tarhatiya,MAJIYA JAFARPUR
54500,HARDOI,Bilgram,Taukalabad,BABATMAU
54501,HARDOI,Bilgram,Tebhnapur,TEBHNAPUR
54502,HARDOI,Bilgram,Tejipur,TEJIPUR
54503,HARDOI,Bilgram,Tendua,TENDUA
54504,HARDOI,Bilgram,Terhiya,BARHAS
54505,HARDOI,Bilgram,Teria,TERIA
54506,HARDOI,Bilgram,Teria Bhawanipur,TERIA BHAWANIPUR
54507,HARDOI,Bilgram,Terwa,TERWA
54508,HARDOI,Bilgram,Terwa Chandpur,TERWA CHANDPUR
54509,HARDOI,Bilgram,Terwa Kulli,TERWA KULLI
54510,HARDOI,Bilgram,Thathia Zahidpur,THATHIYA NARAYANMAU
54511,HARDOI,Bilgram,Ullamau,ULLAMAU
54512,HARDOI,Bilgram,Unchagaon,UNCHAGAON
54513,HARDOI,Bilgram,Uncha Malwa,AKHWAILPUR MALWA
54514,HARDOI,Bilgram,Usraha,USRAHA
54515,HARDOI,Bilgram,Visheshwarpur,VIHESHWARPUR
54516,HARDOI,Bilgram,Zaffarpur,ZAFFARPUR  TIGAWAN
54517,HARDOI,Bilgram,Zehdipur,JAIHDIPUR
54518,HARDOI,Hardoi,Abdulpur,KODWA
54519,HARDOI,Hardoi,Achauli,DULARPUR  UCHAULI
54520,HARDOI,Hardoi,Achra Mau,ACHRA MAU
54521,HARDOI,Hardoi,Achuapur,ACHUAPUR
54522,HARDOI,Hardoi,Adampur,ADAMPUR
54523,HARDOI,Hardoi,Aeja,AEJA
54524,HARDOI,Hardoi,Agaulapur,AGAULAPUR
54525,HARDOI,Hardoi,Aharapur,BHARGWAN AHIRAPUR
54526,HARDOI,Hardoi,Ahemdi,AHEMDI
54527,HARDOI,Hardoi,Ahirori,AHIRORI
54528,HARDOI,Hardoi,Ahrapur,SARIYAN
54529,HARDOI,Hardoi,Ahri,AHIRI
54530,HARDOI,Hardoi,Aincha Mau,AINCHA MAU
54531,HARDOI,Hardoi,Airla,RAMAPUR RAHOLIA
54532,HARDOI,Hardoi,Akbarpur,AKBARPUR SADIYAPUR
54533,HARDOI,Hardoi,Akbarpur,GADAIPUR
54534,HARDOI,Hardoi,Akhnapur,MADHOPUR
54535,HARDOI,Hardoi,Akohara,KHATELI
54536,HARDOI,Hardoi,Alawalpur,ALAWALPUR
54537,HARDOI,Hardoi,Ali Nager,ALI NAGER
54538,HARDOI,Hardoi,Alisa Bad,ALISA BAD
54539,HARDOI,Hardoi,Aliyapur,ALIYAPUR
54540,HARDOI,Hardoi,Allipur,ALLIPUR
54541,HARDOI,Hardoi,Amethya,AMETHIYA   MSINHA
54542,HARDOI,Hardoi,Amirta,KHUMARIPUR
54543,HARDOI,Hardoi,Andhara,ANDHARA
54544,HARDOI,Hardoi,Andhiyar,SUHERI
54545,HARDOI,Hardoi,Aneg Behta,ANANG BEHTA
54546,HARDOI,Hardoi,Anua,AINNUA DAAN MANDI
54547,HARDOI,Hardoi,Armee,ARMI
54548,HARDOI,Hardoi,Arongapur,ARANGAPUR
54549,HARDOI,Hardoi,Arwapur,ARWA  GAJADHARPUR
54550,HARDOI,Hardoi,Asa,ASHA
54551,HARDOI,Hardoi,Aseulee,ASYOLI
54552,HARDOI,Hardoi,Atbaha,MODIPUR
54553,HARDOI,Hardoi,Athaua,ATUWA
54554,HARDOI,Hardoi,Atra,ATRA
54555,HARDOI,Hardoi,Atwa Asigaon,ATWA ASIGAON
54556,HARDOI,Hardoi,Atwa Kataiyn,ATWA KATAIYA
54557,HARDOI,Hardoi,Auhadpur Sakara,AUHADPUR DABHILIA
54558,HARDOI,Hardoi,Ayak Ghara,AIKGHARA MAGHOLA
54559,HARDOI,Hardoi,Ayari,AYYARI
54560,HARDOI,Hardoi,Babupur,BABUPUR  KACHANARI
54561,HARDOI,Hardoi,Badauli,BADAULI
54562,HARDOI,Hardoi,Badruddinpur,BARKHERA
54563,HARDOI,Hardoi,Baghauli,BAGHAULI
54564,HARDOI,Hardoi,Baghouramal,BAGHOURAMAU
54565,HARDOI,Hardoi,Baghuri,DAULI
54566,HARDOI,Hardoi,Bagocha,BAGOCHA
54567,HARDOI,Hardoi,Bahar,BAHAR
54568,HARDOI,Hardoi,Baherda,JAFARPUR
54569,HARDOI,Hardoi,Bahloli,BAHLOLI
54570,HARDOI,Hardoi,Bahorwa,BAHORWA
54571,HARDOI,Hardoi,Bahraiya,BEHRAIYAN
54572,HARDOI,Hardoi,Baijana,SUHERI
54573,HARDOI,Hardoi,Baishpur,AINNUA DAAN MANDI
54574,HARDOI,Hardoi,Bajeedpur,VAJIDPUR
54575,HARDOI,Hardoi,Bajehara,BAJEHRA
54576,HARDOI,Hardoi,Bajehra,BAJEHARA
54577,HARDOI,Hardoi,Bajidnagar,AGAULAPUR
54578,HARDOI,Hardoi,Bakhariya,BAKHARIYA
54579,HARDOI,Hardoi,Baksapur,BAKSAPUR
54580,HARDOI,Hardoi,Bakura,TERIA
54581,HARDOI,Hardoi,Balehra,BLEHRA
54582,HARDOI,Hardoi,Balleepur,BALLEEPUR
54583,HARDOI,Hardoi,Bamhna Kherda,BAMHNA KHERDA
54584,HARDOI,Hardoi,Bane Kuian,BANE KUIYA
54585,HARDOI,Hardoi,Bannai,BANNAI
54586,HARDOI,Hardoi,Bannapur,BANNAPUR
54587,HARDOI,Hardoi,Barauli,BAROULI
54588,HARDOI,Hardoi,Barbatapur,SIKANDERPUR
54589,HARDOI,Hardoi,Bardaua,BARAUA
54590,HARDOI,Hardoi,Barela,BARAYLA TIGAWAN
54591,HARDOI,Hardoi,Bargadiya,SARDAPUR
54592,HARDOI,Hardoi,Bargawan,BHARGWAN AHIRAPUR
54593,HARDOI,Hardoi,Barkatpur,SARIYAN
54594,HARDOI,Hardoi,Barkhara,BARKHERA
54595,HARDOI,Hardoi,Barkheriya,BARKHERA
54596,HARDOI,Hardoi,Barkherwan,BARKHERWAN
54597,HARDOI,Hardoi,Barmahaula,BARMAHAULA
54598,HARDOI,Hardoi,Barra Sarain,BARRA SARAIN
54599,HARDOI,Hardoi,Baruar,KUWA MAU SIMROLI
54600,HARDOI,Hardoi,Basen,BASEN
54601,HARDOI,Hardoi,Bausra,BAUSRA
54602,HARDOI,Hardoi,Bavnapur,BABNAPUR
54603,HARDOI,Hardoi,Bawan,BAWAN
54604,HARDOI,Hardoi,Beekapur,BEEKAPUR
54605,HARDOI,Hardoi,Behta Chand,BEHTA CHAND
54606,HARDOI,Hardoi,Behta Chandpura (OG),BEHTA CHAND
54607,HARDOI,Hardoi,Behta Dheera,BEHTA DHEERA
54608,HARDOI,Hardoi,Behta Gokul,BEHTA GOKUL
54609,HARDOI,Hardoi,Behta Murtja Bax,BEHTA MURTJA BAX
54610,HARDOI,Hardoi,Behta Sadhai,BEHTA SADHAI
54611,HARDOI,Hardoi,Behti,BEHTI
54612,HARDOI,Hardoi,Bhadeicha,BHADEICHA
54613,HARDOI,Hardoi,Bhadeura,BHADEURA
54614,HARDOI,Hardoi,Bharaon,BHARAON
54615,HARDOI,Hardoi,Bharayal,BHARAYAL
54616,HARDOI,Hardoi,Bharigawan,BHARIGWYAN
54617,HARDOI,Hardoi,Bhataura,KAIRMAIR
54618,HARDOI,Hardoi,Bhaunsari,BHAINSARI
54619,HARDOI,Hardoi,Bhaunta Kamalpur,BHAUTA KAMALPUR
54620,HARDOI,Hardoi,Bhawanipur,HATHIYAI
54621,HARDOI,Hardoi,Bheekhpur,BHIKHPUR
54622,HARDOI,Hardoi,Bheetha Mahasingh,BHEETHA MAHASINGH
54623,HARDOI,Hardoi,Bhelawau,BHALAWAN
54624,HARDOI,Hardoi,Bhitha,BIRAHIM PUR
54625,HARDOI,Hardoi,Bhitha Dan,BHITHA DAN
54626,HARDOI,Hardoi,Bhithari,BHITHARI
54627,HARDOI,Hardoi,Bhurdiya,BHURDIYA
54628,HARDOI,Hardoi,Bigha Rampur,MURADPUR
54629,HARDOI,Hardoi,Bijgawan,BIJGAWAN
54630,HARDOI,Hardoi,Bingfil Ganj,ATWA KATAIYA
54631,HARDOI,Hardoi,Biram Khera,MADRAWA
54632,HARDOI,Hardoi,Biskula,BISKULA
54633,HARDOI,Hardoi,Bojhwa,BOJHWA
54634,HARDOI,Hardoi,Buorapur,UMRA  BYORAPUR
54635,HARDOI,Hardoi,Burdhagaon,BURHAGAON
54636,HARDOI,Hardoi,Chathiya,CHATHIYA DHAPRAPUR
54637,HARDOI,Hardoi,Chndsaura,PURORI
54638,HARDOI,Hardoi,Dabheliya,AUHADPUR DABHILIA
54639,HARDOI,Hardoi,Dadwani,SARDAPUR
54640,HARDOI,Hardoi,Dahee,DAHI
54641,HARDOI,Hardoi,Dahigawan,DAHIGAWAN
54642,HARDOI,Hardoi,Dahti Salukpur,DAHTI SALKUPUR
54643,HARDOI,Hardoi,Dalelpur,DALELPUR
54644,HARDOI,Hardoi,Danialgang,DANIALGANG
54645,HARDOI,Hardoi,Danmandi,AINNUA DAAN MANDI
54646,HARDOI,Hardoi,Dariyabad,RAHIMPUR
54647,HARDOI,Hardoi,Darveshpur,BHITHARI
54648,HARDOI,Hardoi,Daudpur,KARAHI
54649,HARDOI,Hardoi,Daulatpur,DAULATPUR
54650,HARDOI,Hardoi,Dauli,DAULI
54651,HARDOI,Hardoi,Deoriya,DEORIYA
54652,HARDOI,Hardoi,Deoriya Prasidh Nagar,SHAHPUR BINORA
54653,HARDOI,Hardoi,Devgan,GOPAR
54654,HARDOI,Hardoi,Deviya Fatteypur,DEVIYA FATTEYPUR
54655,HARDOI,Hardoi,Dhafrapur,CHATHIYA DHAPRAPUR
54656,HARDOI,Hardoi,Dhear Maholiya,RAMNAGAR
54657,HARDOI,Hardoi,Dhenni Tusaurn,DHANNI TUSAURA
54658,HARDOI,Hardoi,Dholiya,DHOLIYA
54659,HARDOI,Hardoi,Dhoviya,DHOVIYA
54660,HARDOI,Hardoi,Dighiya,GANGAULI
54661,HARDOI,Hardoi,Dudhiya,DIGHIYA
54662,HARDOI,Hardoi,Dularpur,DULARPUR  UCHAULI
54663,HARDOI,Hardoi,Dulhapur,DULHAPUR
54664,HARDOI,Hardoi,Etoriya,UNOUTI
54665,HARDOI,Hardoi,Fakirabad,AGAULAPUR
54666,HARDOI,Hardoi,Fardapur,FARDAPUR
54667,HARDOI,Hardoi,Fareedapur,FAREEDAPUR
54668,HARDOI,Hardoi,Fatiyapur,FATIYAPUR
54669,HARDOI,Hardoi,Fool Behta,PHOOL BEHTA
54670,HARDOI,Hardoi,Fukha,PHUKHA TELIYANI
54671,HARDOI,Hardoi,Gadaipur,GADAIPUR
54672,HARDOI,Hardoi,Gadaipur,GADAIPUR
54673,HARDOI,Hardoi,Gadanpur,GADANPUR
54674,HARDOI,Hardoi,Gaidhara,GAIDHARA
54675,HARDOI,Hardoi,Gajadharpur,ARWA  GAJADHARPUR
54676,HARDOI,Hardoi,Gajhathan,NEVADA  CHOUGWAN
54677,HARDOI,Hardoi,Gangapur,GANGAPUR
54678,HARDOI,Hardoi,Gangauli,GANGAULI
54679,HARDOI,Hardoi,Gardeurn,GADAURA
54680,HARDOI,Hardoi,Garhi,GARHI
54681,HARDOI,Hardoi,Garhiya Dilla,DAULI
54682,HARDOI,Hardoi,Garhiya Jhabbu,KARANPUR
54683,HARDOI,Hardoi,Gauradanda,GAURADANDA
54684,HARDOI,Hardoi,Ghamoiya,SATHRA
54685,HARDOI,Hardoi,Ghoora,GHOORA
54686,HARDOI,Hardoi,Ghosar,GHOSAR
54687,HARDOI,Hardoi,Gohraiya,MAHMOODPUR BAHADUR
54688,HARDOI,Hardoi,Gonda Rao,GONDA RAO
54689,HARDOI,Hardoi,Gopalpur,GOPALPUR
54690,HARDOI,Hardoi,Gopar,GOPAR
54691,HARDOI,Hardoi,Gorda Dhar,GORHA DHAR
54692,HARDOI,Hardoi,Govardhanpur,GOVARDHANPUR
54693,HARDOI,Hardoi,Govindpur,KARANPUR
54694,HARDOI,Hardoi,Gulamau,GULAMAU
54695,HARDOI,Hardoi,Gulrhiha,GULRHIHA
54696,HARDOI,Hardoi,Gurra,MADHOPUR
54697,HARDOI,Hardoi,Gursanda,GURSANDA
54698,HARDOI,Hardoi,Hans Barauli,HAAS BARAULI
54699,HARDOI,Hardoi,Hardha,HARHA
54700,HARDOI,Hardoi,Hardoi Dehat (OG),HARDOI(GRAMIN)
54701,HARDOI,Hardoi,Hardoi(Gramin),HARDOI(GRAMIN)
54702,HARDOI,Hardoi,Hariharpur,HARIHARPUR
54703,HARDOI,Hardoi,Haripur Grant,PARSANI
54704,HARDOI,Hardoi,Hariyawan,HARIYAWAN
54705,HARDOI,Hardoi,Harri,HARAI
54706,HARDOI,Hardoi,Harsinghpur,BHARIGWYAN
54707,HARDOI,Hardoi,Hasanapur,KAREM NAGAR JALALPUR
54708,HARDOI,Hardoi,Hasnapur,DULARPUR  UCHAULI
54709,HARDOI,Hardoi,Hathiyai,HATHIYAI
54710,HARDOI,Hardoi,Hillapur,RANIYAMAU
54711,HARDOI,Hardoi,Hinguapur,HINGUAPUR
54712,HARDOI,Hardoi,Hunsepur,HUNSEPUR
54713,HARDOI,Hardoi,Husenpur Sahora,HUSENPUR SAHORA
54714,HARDOI,Hardoi,Husiyapur,HUSIYAPUR
54715,HARDOI,Hardoi,Iqbalpur,BAGHOURAMAU
54716,HARDOI,Hardoi,Itoli,GANGAULI
54717,HARDOI,Hardoi,Ituariya,BARAYLA TIGAWAN
54718,HARDOI,Hardoi,Jafarpur,JAFARPUR
54719,HARDOI,Hardoi,Jagdishpur,JAGDISHPUR
54720,HARDOI,Hardoi,Jagrauli,JAGRAULI
54721,HARDOI,Hardoi,Jalalpur,THAMARWA
54722,HARDOI,Hardoi,Jamuniya,JAMUNIYA
54723,HARDOI,Hardoi,Japra,JAPRA
54724,HARDOI,Hardoi,Jareli,JARELI
54725,HARDOI,Hardoi,Jarera,AINNUA DAAN MANDI
54726,HARDOI,Hardoi,Jasoo,JASOO
54727,HARDOI,Hardoi,Jatuli,JATULI
54728,HARDOI,Hardoi,Jatuli,MARAI
54729,HARDOI,Hardoi,Jayrajpur,JAYRAJPUR
54730,HARDOI,Hardoi,Jiginiya,JAYRAJPUR
54731,HARDOI,Hardoi,Jigniya Kalan,JIGNIYA KALAN
54732,HARDOI,Hardoi,Jigniya Khurd,JIGNIYA KHURD
54733,HARDOI,Hardoi,Jio,JIO
54734,HARDOI,Hardoi,Joora,JOORA
54735,HARDOI,Hardoi,Kachnari,BABUPUR  KACHANARI
54736,HARDOI,Hardoi,Kadari,NEVADA  CHOUGWAN
54737,HARDOI,Hardoi,Kaimau,KAIMAU
54738,HARDOI,Hardoi,Kaimpur,KAIMPUR
54739,HARDOI,Hardoi,Kairmar,KAIRMAIR
54740,HARDOI,Hardoi,Kakrahi,KAKVAHI
54741,HARDOI,Hardoi,Kakumau,KAKUMAU
54742,HARDOI,Hardoi,Kala Aam,KALA AAM
54743,HARDOI,Hardoi,Kaliyani,KALYANI
54744,HARDOI,Hardoi,Kallan Saryan,GANGAULI
54745,HARDOI,Hardoi,Kalwari Grant,TOLWA AANT
54746,HARDOI,Hardoi,Kamalpur,BARAYLA TIGAWAN
54747,HARDOI,Hardoi,Kamolia,KAMOLIA
54748,HARDOI,Hardoi,Kam Rauli,KAM RAULI
54749,HARDOI,Hardoi,Kapurpur Chaudhi,KAPURPUR CHAUDHI
54750,HARDOI,Hardoi,Karahi,KARAHI
54751,HARDOI,Hardoi,Karanpur,JAYRAJPUR
54752,HARDOI,Hardoi,Karanpur,KARANPUR
54753,HARDOI,Hardoi,Karem Nagar Jalalpur,KAREM NAGAR JALALPUR
54754,HARDOI,Hardoi,Karim Nagar Saidapur,KARIM NAGAR SAIDAPUR
54755,HARDOI,Hardoi,Kashipur,KASHIPUR
54756,HARDOI,Hardoi,Kasmandee,KASMANDI
54757,HARDOI,Hardoi,Kasrawna,KASRAWNA
54758,HARDOI,Hardoi,Katarpur,RANIYAMAU
54759,HARDOI,Hardoi,Kathethiya,KATHETHIYA
54760,HARDOI,Hardoi,Kathigara,KATHIGARHA
54761,HARDOI,Hardoi,Katka,KATKA
54762,HARDOI,Hardoi,Kaurha,KAURHA
54763,HARDOI,Hardoi,Kauthaliya,KAUTHALIYA
54764,HARDOI,Hardoi,Keharmau,KEHARMAU SEHARMAU
54765,HARDOI,Hardoi,Kesvan,KESVAN
54766,HARDOI,Hardoi,Khajuha,MAVAIYA
54767,HARDOI,Hardoi,Khaju Rahrn,KHAJU RHARA
54768,HARDOI,Hardoi,Khajur Mai,KHAJUR MAI
54769,HARDOI,Hardoi,Khalifapur Masti,SAHIJANA
54770,HARDOI,Hardoi,Kharda Khera,KHARA KHERA
54771,HARDOI,Hardoi,Khateli,KHATELI
54772,HARDOI,Hardoi,Kheriya,KHIRIYA
54773,HARDOI,Hardoi,Kherwa Dalauli,KHERWA DALAULI
54774,HARDOI,Hardoi,Kherwa Kamalpur,KHERWA KAMALPUR
54775,HARDOI,Hardoi,Kherwa Mahmoodpur,SIHONA
54776,HARDOI,Hardoi,Khetuai,KHETUAI
54777,HARDOI,Hardoi,Khumaripur,KHUMARIPUR
54778,HARDOI,Hardoi,Koilaha,PALIA KOILAHA
54779,HARDOI,Hardoi,Kordwa,KODWA
54780,HARDOI,Hardoi,Koria (OG),KORRIYA
54781,HARDOI,Hardoi,Korigawan,MADRAWA
54782,HARDOI,Hardoi,Korriya,KORRIYA
54783,HARDOI,Hardoi,Kot,KOT
54784,HARDOI,Hardoi,Kotra,KOTRA
54785,HARDOI,Hardoi,Kuanmau,KUWA MAU SIMROLI
54786,HARDOI,Hardoi,Kuian,KUIYA
54787,HARDOI,Hardoi,Kurseli,KURSELI
54788,HARDOI,Hardoi,Kushalpur,AGAULAPUR
54789,HARDOI,Hardoi,Kuvanarpur,KUWARPUR
54790,HARDOI,Hardoi,Labhi,BIJGAWAN
54791,HARDOI,Hardoi,Lagwahi,SUHERI
54792,HARDOI,Hardoi,Lakhwa,PURORI
54793,HARDOI,Hardoi,Lalolee,LALAOLEE
54794,HARDOI,Hardoi,Lalpur,AGAULAPUR
54795,HARDOI,Hardoi,Lalpur,LALPALPUR
54796,HARDOI,Hardoi,Lalpur Bhaisari,LALPUR BHAISARI
54797,HARDOI,Hardoi,Lehna,LEHNA
54798,HARDOI,Hardoi,Lilwal,LILWAL
54799,HARDOI,Hardoi,Lodhaura,KURSELI
54800,HARDOI,Hardoi,Lodhi,LODHI
54801,HARDOI,Hardoi,Lohkanpur,GADAIPUR
54802,HARDOI,Hardoi,Lokwapur,LOKWAPUR
54803,HARDOI,Hardoi,Lonar,LONAR
54804,HARDOI,Hardoi,Madara,MADARA  DUGAWAN
54805,HARDOI,Hardoi,Madhopur,MADHOPUR
54806,HARDOI,Hardoi,Madrawan,MADRAWA
54807,HARDOI,Hardoi,Maganpur,KUWARPUR
54808,HARDOI,Hardoi,Maheen Kund,MAHEEN KUND
54809,HARDOI,Hardoi,Mahmadapur,MAHMADAPUR
54810,HARDOI,Hardoi,Mahmoodpur Bahadur,MAHMOODPUR BAHADUR
54811,HARDOI,Hardoi,Mahmudpur Baijnath,MURADPUR
54812,HARDOI,Hardoi,Maholiashivpaar (OG),MAHOLIYA SHIVPAR
54813,HARDOI,Hardoi,Maholiya Sheopar,MAHOLIYA SHIVPAR
54814,HARDOI,Hardoi,Mahuaipuri,MAHUI PURI
54815,HARDOI,Hardoi,Mahura Kalan,MAHURA KALAN
54816,HARDOI,Hardoi,Maina Mau,BHAINA MAU
54817,HARDOI,Hardoi,Majhigawan,MIRKAPUR
54818,HARDOI,Hardoi,Majhigawan Amarnath,TENI
54819,HARDOI,Hardoi,Majhigawan Ramgulam,ARMI
54820,HARDOI,Hardoi,Majhiya,MAJHIYA
54821,HARDOI,Hardoi,Majhola,AIKGHARA MAGHOLA
54822,HARDOI,Hardoi,Majhraeta,MAJHRAETA
54823,HARDOI,Hardoi,Malihamau,DHOLIYA
54824,HARDOI,Hardoi,Mammarpur,TATYORA
54825,HARDOI,Hardoi,Mangolapur,MANGOLAPUR
54826,HARDOI,Hardoi,Manipur,MANIPUR
54827,HARDOI,Hardoi,Manpur,MANPUR
54828,HARDOI,Hardoi,Mansoorpur,GADAIPUR
54829,HARDOI,Hardoi,Marai,MARAI
54830,HARDOI,Hardoi,Marhiya,SIKANDERPUR
54831,HARDOI,Hardoi,Marsa,MARSA
54832,HARDOI,Hardoi,Masinha,AMETHIYA   MSINHA
54833,HARDOI,Hardoi,Matua,MATUA
54834,HARDOI,Hardoi,Mavaiya,MAVAIYA
54835,HARDOI,Hardoi,Mayoni,MAYONI
54836,HARDOI,Hardoi,Mendua,MENDUA  MIRGAWA
54837,HARDOI,Hardoi,Meuna Maheshpur,MAYHUNA MAHESHPUR
54838,HARDOI,Hardoi,Mirgwan,MENDUA  MIRGAWA
54839,HARDOI,Hardoi,Mirjapur,DAULI
54840,HARDOI,Hardoi,Modipur,MODIPUR
54841,HARDOI,Hardoi,Mohakampur,BIRAHIM PUR
54842,HARDOI,Hardoi,Mona,MONA
54843,HARDOI,Hardoi,Moosepur,MOOSEPUR
54844,HARDOI,Hardoi,Mubarakpur,GADAIPUR
54845,HARDOI,Hardoi,Mujahidpur,MUJAHIDPUR
54846,HARDOI,Hardoi,Muradpur,MURADPUR
54847,HARDOI,Hardoi,Murligang,PARSANI
54848,HARDOI,Hardoi,Murwan,MURWAN
54849,HARDOI,Hardoi,Nagheta,BEHTA CHAND
54850,HARDOI,Hardoi,Nagheta Pura (OG),BEHTA CHAND
54851,HARDOI,Hardoi,Nanakgang Grrnt,NANAKGANJ GRANT
54852,HARDOI,Hardoi,Nanak Ganj (OG),NANAKGANJ GRANT
54853,HARDOI,Hardoi,Nanamau,SIKANDERPUR
54854,HARDOI,Hardoi,Nanhey,NANHEY
54855,HARDOI,Hardoi,Narainpur Grant,NARAINPUR GRANT
54856,HARDOI,Hardoi,Navrangpur,GULRHIHA
54857,HARDOI,Hardoi,Nayagaon,NAYAGAON
54858,HARDOI,Hardoi,Naya Gaon Deoriya,NAYA GAON DEORIYA
54859,HARDOI,Hardoi,Naya Gaon Habibpur,NAYA GAON HABIBPUR
54860,HARDOI,Hardoi,Nayagaon Navav,PAIDHAI
54861,HARDOI,Hardoi,Naya Gawn Muvarkpur,NAYA GAWN MUVARKPUR
54862,HARDOI,Hardoi,Neebhi,NEEBHI
54863,HARDOI,Hardoi,Neer,NEER
54864,HARDOI,Hardoi,Nevada,NEVADA
54865,HARDOI,Hardoi,Nevada,NEVADA
54866,HARDOI,Hardoi,Nevada,NEVADA  CHOUGWAN
54867,HARDOI,Hardoi,Nijampur,NIJAMPUR
54868,HARDOI,Hardoi,Nivuai,NIBUAI
54869,HARDOI,Hardoi,Odra,ODRA  TARI
54870,HARDOI,Hardoi,Odra Pachlai,ODRA PACHLAI
54871,HARDOI,Hardoi,Oeranevliya,ODRA  NEVLIYA
54872,HARDOI,Hardoi,Pachkohra,PACHKOHRA
54873,HARDOI,Hardoi,Padri,PADRI
54874,HARDOI,Hardoi,Pahnutera,PAHNUTERA
54875,HARDOI,Hardoi,Paidhai,PAIDHAI
54876,HARDOI,Hardoi,Pala,PALA
54877,HARDOI,Hardoi,Palia,GAIDHARA
54878,HARDOI,Hardoi,Palpur Baragi Khera,PALPUR BARAGI KHERA
54879,HARDOI,Hardoi,Paraspur,PARASPUR
54880,HARDOI,Hardoi,Parsani,PARSANI
54881,HARDOI,Hardoi,Patkuawan,PATKUAWAN
54882,HARDOI,Hardoi,Patteepur,SUNAUWA PATTIPUR
54883,HARDOI,Hardoi,Peng,PENG
54884,HARDOI,Hardoi,Peng,PENG
54885,HARDOI,Hardoi,Pihiniya,MADARA  DUGAWAN
54886,HARDOI,Hardoi,Pipari,PIPARI   NEVADA
54887,HARDOI,Hardoi,Pipona,PIPONA
54888,HARDOI,Hardoi,Punniya,PUNNIYA
54889,HARDOI,Hardoi,Pura Bahadur,PURA BAHADUR
54890,HARDOI,Hardoi,Purori,PURORI
54891,HARDOI,Hardoi,Purwa Deoriya,PURWA DEORIYA
54892,HARDOI,Hardoi,Purwa Hafijudinpur,PURWA HAFIJUDINPUR
54893,HARDOI,Hardoi,Pusaura,PHOOL BEHTA
54894,HARDOI,Hardoi,Rahimpur,RAHIMPUR
54895,HARDOI,Hardoi,Rajepur,RAJEPUR TAASKHERA
54896,HARDOI,Hardoi,Ramapur,SUGWAN
54897,HARDOI,Hardoi,Ramapur Raholiya,RAMAPUR RAHOLIA
54898,HARDOI,Hardoi,Ramnagar,RAMNAGAR
54899,HARDOI,Hardoi,Ramnagar (OG),RAMNAGAR
54900,HARDOI,Hardoi,Rampur Grant,JASOO
54901,HARDOI,Hardoi,Rampur Jatuli,NEVADA  CHOUGWAN
54902,HARDOI,Hardoi,Ramuapur,SAKHIN  RAMUAPUR
54903,HARDOI,Hardoi,Raniyamau,RANIYAMAU
54904,HARDOI,Hardoi,Rao Bahadur,RAO BAHADUR
54905,HARDOI,Hardoi,Raotapur,JAMUNIYA
54906,HARDOI,Hardoi,Rara,RARA
54907,HARDOI,Hardoi,Rawal,RAWAL
54908,HARDOI,Hardoi,Rohai,MODIPUR
54909,HARDOI,Hardoi,Saadeepur,JAYRAJPUR
54910,HARDOI,Hardoi,Saareepur Heeralal,SAAREEPUR HEERALAL
54911,HARDOI,Hardoi,Sadhinava,SADHINAVA
54912,HARDOI,Hardoi,Sadiapur,AKBARPUR SADIYAPUR
54913,HARDOI,Hardoi,Sagrapur,SAGRAPUR
54914,HARDOI,Hardoi,Sahijana,SAHIJANA
54915,HARDOI,Hardoi,Sahoriya Bujurg,SAHORIYA BUJURG
54916,HARDOI,Hardoi,Sahulpur,SAHULPUR
54917,HARDOI,Hardoi,Sainchamau,SAINCHAMAU
54918,HARDOI,Hardoi,Sainti,SAINTI
54919,HARDOI,Hardoi,Sakaha,SAKAHA
54920,HARDOI,Hardoi,Sakara,SAKRA
54921,HARDOI,Hardoi,Sakatpur,SAKATPUR
54922,HARDOI,Hardoi,Sakhin,SAKHIN  RAMUAPUR
54923,HARDOI,Hardoi,Samudahar,BAWAN
54924,HARDOI,Hardoi,Sandana,SANDANA
54925,HARDOI,Hardoi,Sandila,SANDILA
54926,HARDOI,Hardoi,Sardapur,SARDAPUR
54927,HARDOI,Hardoi,Saripur Bramhnan,SARIPUR BRAMHNAN
54928,HARDOI,Hardoi,Saripur Chhachheta,SARUPUR CHHACHHETA
54929,HARDOI,Hardoi,Sariyan,SARIYAN
54930,HARDOI,Hardoi,Sariyan,SARIYAN
54931,HARDOI,Hardoi,Sarkhna,MURADPUR
54932,HARDOI,Hardoi,Sarra,SARRA
54933,HARDOI,Hardoi,Sarsaiya,SARSAIYA
54934,HARDOI,Hardoi,Sathra,BANNAI
54935,HARDOI,Hardoi,Sathra,SATHRA
54936,HARDOI,Hardoi,Sautera,SANHUTERA
54937,HARDOI,Hardoi,Savirpur,NIJAMPUR
54938,HARDOI,Hardoi,Seharmau,KEHARMAU SEHARMAU
54939,HARDOI,Hardoi,Sekhora,SAKHORA
54940,HARDOI,Hardoi,Semrauli,KUWA MAU SIMROLI
54941,HARDOI,Hardoi,Seva,SEVA
54942,HARDOI,Hardoi,Shahbuddinpur,SHAHBUDDINPUR
54943,HARDOI,Hardoi,Shahjad Nagar,AGAULAPUR
54944,HARDOI,Hardoi,Shahpur Binora,SHAHPUR BINORA
54945,HARDOI,Hardoi,Shahpur Mugul,SAINCHAMAU
54946,HARDOI,Hardoi,Shakurabad,SADHINAVA
54947,HARDOI,Hardoi,Shekhvapur,BHITHA DAN
54948,HARDOI,Hardoi,Shivri,SHIVRI
54949,HARDOI,Hardoi,Sihona,SIHONA
54950,HARDOI,Hardoi,Sikandarpur,SIKANDER PUR
54951,HARDOI,Hardoi,Sikandarpur,UDHRAN PUR
54952,HARDOI,Hardoi,Sikanderpur,SIKANDERPUR
54953,HARDOI,Hardoi,Sikrohari,SIKROHARI
54954,HARDOI,Hardoi,Singhua Mau,SINGHUA MAU
54955,HARDOI,Hardoi,Sirsa,SIRSA
54956,HARDOI,Hardoi,Sohasa,SOHASA
54957,HARDOI,Hardoi,Sonoiya,SUNAUWA PATTIPUR
54958,HARDOI,Hardoi,Sugwan,SUGWAN
54959,HARDOI,Hardoi,Suherdi,SUHERI
54960,HARDOI,Hardoi,Sursaa,SURSAA
54961,HARDOI,Hardoi,Tandauna,TANDAUNA
54962,HARDOI,Hardoi,Tandiyawan,TANDIYAWAN
54963,HARDOI,Hardoi,Tandor,TANDOR  KHERA
54964,HARDOI,Hardoi,Tans Khera,RAJEPUR TAASKHERA
54965,HARDOI,Hardoi,Tari,ODRA  TARI
54966,HARDOI,Hardoi,Tatura,TATYORA
54967,HARDOI,Hardoi,Teliyani,PHUKHA TELIYANI
54968,HARDOI,Hardoi,Teni,TENI
54969,HARDOI,Hardoi,Teriya,TERIA
54970,HARDOI,Hardoi,Thamarwa,THAMARWA
54971,HARDOI,Hardoi,Thok Bandho,THOK MADHAV
54972,HARDOI,Hardoi,Thok Kaboolpur,THOK KABOOLPUR
54973,HARDOI,Hardoi,Thokkhala,THOKKHALA
54974,HARDOI,Hardoi,Tikari,KHUTEHNA TIKARI
54975,HARDOI,Hardoi,Tolwa Antdanpur,TOLWA AANT
54976,HARDOI,Hardoi,Tundwal,TUNDWAL
54977,HARDOI,Hardoi,Turteepur,TURTEEPUR
54978,HARDOI,Hardoi,Udaypur,TERIA
54979,HARDOI,Hardoi,Udhranpur,UDHRAN PUR
54980,HARDOI,Hardoi,Umrapur,UMRA  BYORAPUR
54981,HARDOI,Hardoi,Umrapur,UMRAPUR BEHRAIYAN
54982,HARDOI,Hardoi,Unouti,UNOUTI
54983,HARDOI,Hardoi,Utara,UTARA
54984,HARDOI,Hardoi,Victoriya Ganj,VICTORIYA GANJ
54985,HARDOI,Hardoi,Vira Himpur,BIRAHIM PUR
54986,HARDOI,Sandila,Aant,DULARPUR
54987,HARDOI,Sandila,Adampur,ADAMPUR
54988,HARDOI,Sandila,Aema,AEMA
54989,HARDOI,Sandila,Akabarpur Talhu,AKABARPUR TALHU
54990,HARDOI,Sandila,Akohara Newada,AKOHARA NEWADA
54991,HARDOI,Sandila,Aladadpur Newada,ALADADPUR NEWADA
54992,HARDOI,Sandila,Alampur,ALAMPUR
54993,HARDOI,Sandila,Alampur,ALAMPUR
54994,HARDOI,Sandila,Alhawa,MAHMOODPUR
54995,HARDOI,Sandila,Allawalpur,ALLAWALPUR
54996,HARDOI,Sandila,Allipur Tandwa,ALLIPUR TANDWA
54997,HARDOI,Sandila,Anandpur,JAROWA
54998,HARDOI,Sandila,Andhpur,LAUDHORA
54999,HARDOI,Sandila,Ant Sant,ANT SANT
55000,HARDOI,Sandila,Antwa,ATWA
55001,HARDOI,Sandila,Arkha,AIRKA
55002,HARDOI,Sandila,Asahi Ajampur,ASAHI AJAMPUR
55003,HARDOI,Sandila,Ashapur,KALHEPUR
55004,HARDOI,Sandila,Atamau,ATAMAU
55005,HARDOI,Sandila,Atiya,ATIYA
55006,HARDOI,Sandila,Atrauly,ATRAULI
55007,HARDOI,Sandila,Atsaliya,KALYANMAL
55008,HARDOI,Sandila,Atsaliya Bhour,ATSALIYA
55009,HARDOI,Sandila,Atuka,ATUKA
55010,HARDOI,Sandila,Atwa Urf Madho Nagar,RAM PUR ATWA
55011,HARDOI,Sandila,Atwawary,ATWAN DANDA
55012,HARDOI,Sandila,Auna,AUNA  DEVKALI
55013,HARDOI,Sandila,Auramau,AURAMAU
55014,HARDOI,Sandila,Aura Patty,PIPARGAON
55015,HARDOI,Sandila,Bada Danda,ATWAN DANDA
55016,HARDOI,Sandila,Bagha Danda,ENAYATPUR
55017,HARDOI,Sandila,Baghora,BAGHORA
55018,HARDOI,Sandila,Baghuwamau,BAGHUWAMAU
55019,HARDOI,Sandila,Bahadurpur,BAHADURPUR
55020,HARDOI,Sandila,Baheriya,BAHERIYA
55021,HARDOI,Sandila,Bahlolpur,BAHLOLPUR
55022,HARDOI,Sandila,Bahuty,BAHUTY
55023,HARDOI,Sandila,Bakue,BAKUI
55024,HARDOI,Sandila,Bakwa,BAKWA
55025,HARDOI,Sandila,Baky Nagar,BAMHNAUA PENG
55026,HARDOI,Sandila,Balamu,BALAMU
55027,HARDOI,Sandila,Balnapur,MAHMOODPUR LALTA
55028,HARDOI,Sandila,Bamhnau Aalm Shah,BAMHNAU TIKARA
55029,HARDOI,Sandila,Bamhnaua Peng,BAMHNAUA PENG
55030,HARDOI,Sandila,Band,BAAN
55031,HARDOI,Sandila,Banjara,GHERWA
55032,HARDOI,Sandila,Bany,BANY
55033,HARDOI,Sandila,Baragaon,BARAGAON
55034,HARDOI,Sandila,Barahi,BARAHI
55035,HARDOI,Sandila,Barauly,BARAULY
55036,HARDOI,Sandila,Baridhuman,BARRADHUMAN
55037,HARDOI,Sandila,Bariya,BARRIYA  KASIMABAD
55038,HARDOI,Sandila,Barsanda,BARSARA
55039,HARDOI,Sandila,Baruasarsand,BARAWA SARSAND
55040,HARDOI,Sandila,Bastapur,SONIKPUR
55041,HARDOI,Sandila,Begamgang,BEGAMGANG
55042,HARDOI,Sandila,Behandar Kala,BEHANDAR KALA
55043,HARDOI,Sandila,Behandar Khurd,BEHANDAR KHURD
55044,HARDOI,Sandila,Behsary,SUNDARPUR
55045,HARDOI,Sandila,Bengalpur,BENGALPUR
55046,HARDOI,Sandila,Beniganj Dehat,BENIGANJ DEHAT
55047,HARDOI,Sandila,Beremau,GAUDORA
55048,HARDOI,Sandila,Beruwa,BERUWA
55049,HARDOI,Sandila,Bhabhuwa,KATKA KATKI
55050,HARDOI,Sandila,Bhadehana,BHADEHANA
55051,HARDOI,Sandila,Bhaghar,TURNA RUDRA PIPARCHAK
55052,HARDOI,Sandila,Bhanpur,BHANPUR
55053,HARDOI,Sandila,Bharawan,BHARAWAN
55054,HARDOI,Sandila,Bharighna,BHARIGHNA
55055,HARDOI,Sandila,Bhatouly,BHITAULY
55056,HARDOI,Sandila,Bhatpur,BHATPUR
55057,HARDOI,Sandila,Bhatpurwa,JAJUPUR
55058,HARDOI,Sandila,Bhdsen,BHADSEN
55059,HARDOI,Sandila,Bhelawan,ADAMPUR
55060,HARDOI,Sandila,Bhengaon,BHENGAON
55061,HARDOI,Sandila,Bhikhpur Eama,BHIKHPUR EAMA
55062,HARDOI,Sandila,Bhirka,BHIRKA
55063,HARDOI,Sandila,Bhitauly,BHATAULI NANDAULI
55064,HARDOI,Sandila,Bhiti,BHITI
55065,HARDOI,Sandila,Bibipur,GOGAWAN UMRAO
55066,HARDOI,Sandila,Bilauni,VILAUNI SHAHADEEN
55067,HARDOI,Sandila,Bilriya,BILRIYA
55068,HARDOI,Sandila,Bindaura,BINDAURA
55069,HARDOI,Sandila,Bindraban,BINDRABAN
55070,HARDOI,Sandila,Birauly,BIRAULI
55071,HARDOI,Sandila,Chamrha,SAHAPUR  CHAMRAHA
55072,HARDOI,Sandila,Chanda Baija,CHANDA BAIJA
55073,HARDOI,Sandila,Chandu,CHANDU
55074,HARDOI,Sandila,Chanohiya,CHANUYIA
55075,HARDOI,Sandila,Chapar Talla,CHAPAR TALLA
55076,HARDOI,Sandila,Chatiha,CHATIHA  RAMPUR
55077,HARDOI,Sandila,Chawan,CHAWAN
55078,HARDOI,Sandila,Chuglahar,TERIYA
55079,HARDOI,Sandila,Dakhwa,KAKENDUWA
55080,HARDOI,Sandila,Damghara,PILKHINI   DHAMGARA
55081,HARDOI,Sandila,Danda,DANDA
55082,HARDOI,Sandila,Deokally,AUNA  DEVKALI
55083,HARDOI,Sandila,Dera Kakemau,AERE KAKEMAU
55084,HARDOI,Sandila,Dewnathpur,DEWNATHPUR
55085,HARDOI,Sandila,Dhanna Rampur,TURNA RUDRA PIPARCHAK
55086,HARDOI,Sandila,Dhikuhny,DHIKUNNI
55087,HARDOI,Sandila,Dhudhera,GHUGHERA
55088,HARDOI,Sandila,Dilawar Nagar,GONDWA
55089,HARDOI,Sandila,Din Nagar,DIN NAGAR
55090,HARDOI,Sandila,Diwary,DIWARY
55091,HARDOI,Sandila,Dubra,BAHADURPUR
55092,HARDOI,Sandila,Dula Nagar,DULA NAGAR
55093,HARDOI,Sandila,Dularpur,DULARPUR
55094,HARDOI,Sandila,Edulpur,JALALPUR
55095,HARDOI,Sandila,Enayatpur,ENAYATPUR
55096,HARDOI,Sandila,Etaunja,ITAUNJA   SHIVPURI
55097,HARDOI,Sandila,Fantehpur,FATTTEPUR PATHRAULY
55098,HARDOI,Sandila,Farenda,FARENDA
55099,HARDOI,Sandila,fatatepur,NARAMADNAPUR
55100,HARDOI,Sandila,Gadiyana,ALADADPUR NEWADA
55101,HARDOI,Sandila,Gahira,GAHIRA
55102,HARDOI,Sandila,Gajaudin Nagar,PADRY
55103,HARDOI,Sandila,Gaju,GAJU
55104,HARDOI,Sandila,Gangau,JAMSARA
55105,HARDOI,Sandila,Gathiya,JUGRAJPUR
55106,HARDOI,Sandila,Gaudora,GAUDORA
55107,HARDOI,Sandila,Gauhany,GAUHANY
55108,HARDOI,Sandila,Gaundwa Patti Alampur,ALAMPUR
55109,HARDOI,Sandila,Gauny,GONI
55110,HARDOI,Sandila,Gauri,GAURI   KOTHAWAN
55111,HARDOI,Sandila,Gauri Bidur,BAKUI
55112,HARDOI,Sandila,Gauri Dayampur,GAURI DAYAMPUR
55113,HARDOI,Sandila,Gauri Fakarudin,GAURI FAKARUDIN
55114,HARDOI,Sandila,Gauri Khalsa,GAURI KHALSA
55115,HARDOI,Sandila,Gauri Seyad Talib,GAURI SYED TALIB
55116,HARDOI,Sandila,Gausapur,MOHAMMADPUR
55117,HARDOI,Sandila,Gaus Ganj,GAUS GANJ
55118,HARDOI,Sandila,Gauswa,SARWA  GOSWAN
55119,HARDOI,Sandila,Gauswa Donga,GAUSWA DONGA
55120,HARDOI,Sandila,Gegalapur,GEGALAPUR
55121,HARDOI,Sandila,Gherwa,GHERWA
55122,HARDOI,Sandila,Ghrohia,JHAROYIA
55123,HARDOI,Sandila,Ghuspahan,GHUS PAHAN
55124,HARDOI,Sandila,Girdharpur,GIRDHARPUR
55125,HARDOI,Sandila,Gogawan Dew,GOGADEV
55126,HARDOI,Sandila,Gogawan Jot,GOGAWAN JOT
55127,HARDOI,Sandila,Gogawan Umray,GOGAWAN UMRAO
55128,HARDOI,Sandila,Gondwa,GONDWA
55129,HARDOI,Sandila,Gondwa Bhup,KHRIKA
55130,HARDOI,Sandila,Gondwa Patti Atrauly,ATRAULI
55131,HARDOI,Sandila,Gonndwa Khem,GONNDWA KHEM
55132,HARDOI,Sandila,Gopalpur,GOPALPUR
55133,HARDOI,Sandila,Govrha,SHAHPUR
55134,HARDOI,Sandila,Gyanpur,GYANPUR
55135,HARDOI,Sandila,Hadha,HADHA
55136,HARDOI,Sandila,Hajipur,HAJIPUR
55137,HARDOI,Sandila,Hakimpur,GOGAWAN UMRAO
55138,HARDOI,Sandila,Hardalmau,HARDALMAU
55139,HARDOI,Sandila,Hardei Salempur,ALADADPUR NEWADA
55140,HARDOI,Sandila,Harpalpur,HARPALPUR
55141,HARDOI,Sandila,Harraiya,HARRAIYA
55142,HARDOI,Sandila,Hasnapur,HASNAPUR
55143,HARDOI,Sandila,Hathaura,HATHORA
55144,HARDOI,Sandila,Hayatganj,HAYATGANJ
55145,HARDOI,Sandila,Hewaly,HEWALY
55146,HARDOI,Sandila,Hirupur Goteya,HIRUPUR GOTEYA
55147,HARDOI,Sandila,Hiya,HIYA
55148,HARDOI,Sandila,Hulaspur,GEGALAPUR
55149,HARDOI,Sandila,Husenpur,HUSENPUR
55150,HARDOI,Sandila,Jagasara,JAGASARA
55151,HARDOI,Sandila,Jagdispur,PIRKAPUR
55152,HARDOI,Sandila,Jahidpur,JAHIDPUR
55153,HARDOI,Sandila,Jaitapur,RAYPUR  N.P. JANIGAUN
55154,HARDOI,Sandila,Jajmau,JAJMAU
55155,HARDOI,Sandila,Jajupur,JAJUPUR
55156,HARDOI,Sandila,Jakhwa,MAHMDAPUR
55157,HARDOI,Sandila,Jalalpur,JALALPUR
55158,HARDOI,Sandila,Jallalpur,SONIKPUR
55159,HARDOI,Sandila,Jamkura,JAMKURA
55160,HARDOI,Sandila,Jamsara,JAMSARA
55161,HARDOI,Sandila,Jamu,JAMU
55162,HARDOI,Sandila,Jamunipur,RAM PUR ATWA
55163,HARDOI,Sandila,Janigaon,JANIGAON
55164,HARDOI,Sandila,Jarha,JARHA
55165,HARDOI,Sandila,Jarowa,JAROWA
55166,HARDOI,Sandila,Jasu,JASU
55167,HARDOI,Sandila,Jawar,KALLY KHERA JYOR
55168,HARDOI,Sandila,Jhanjholy,MAHMDAPUR
55169,HARDOI,Sandila,Jugrajpur,JUGRAJPUR
55170,HARDOI,Sandila,Kachona Dehat,KACHONA  DEHAT
55171,HARDOI,Sandila,Kahchari,KAHCHARI
55172,HARDOI,Sandila,Kahly,KAHLY
55173,HARDOI,Sandila,Kajipur,KAJIPUR
55174,HARDOI,Sandila,Kakenduwa,KAKENDUWA
55175,HARDOI,Sandila,Kakrali,KAKRALY
55176,HARDOI,Sandila,Kakraly,PIRKAPUR
55177,HARDOI,Sandila,Kakupur,JAJUPUR
55178,HARDOI,Sandila,Kalauly,KALAULY
55179,HARDOI,Sandila,Kalhepur,KALHEPUR
55180,HARDOI,Sandila,Kally Khera,KALLY KHERA JYOR
55181,HARDOI,Sandila,Kalyanmal,KALYANMAL
55182,HARDOI,Sandila,Kamalpur,AEMA
55183,HARDOI,Sandila,Kamalpur,KAMALPUR
55184,HARDOI,Sandila,Kamipur,KAMIPUR
55185,HARDOI,Sandila,Kanaura Ant,KANAUR A ANT
55186,HARDOI,Sandila,Kanhoa,NARAYAN DEO
55187,HARDOI,Sandila,Kanjaura,BIRAULI
55188,HARDOI,Sandila,Kansuwa,KANSUWA
55189,HARDOI,Sandila,Karlawan,KARLAWAN
55190,HARDOI,Sandila,Kasimabad,BARRIYA  KASIMABAD
55191,HARDOI,Sandila,Kasimpur,KASIMPUR
55192,HARDOI,Sandila,Katghara,KALHEPUR
55193,HARDOI,Sandila,Katiyamau,KATIYAMAU
55194,HARDOI,Sandila,Katiyar,KATIYAR
55195,HARDOI,Sandila,Katka,BARRADHUMAN
55196,HARDOI,Sandila,Katka,KATKA KATKI
55197,HARDOI,Sandila,Katky,KATKA KATKI
55198,HARDOI,Sandila,Kaudiya,KAUDIYA
55199,HARDOI,Sandila,Kauro Kalla,KAURO KALLA
55200,HARDOI,Sandila,Keema,KALYANMAL
55201,HARDOI,Sandila,Khajohana,KHAJOHANA
55202,HARDOI,Sandila,Khasraul,KHASRAUL
55203,HARDOI,Sandila,Kherwa,KHERWA
55204,HARDOI,Sandila,Khrika,KHRIKA
55205,HARDOI,Sandila,Khutehana,KHUTEHANA
55206,HARDOI,Sandila,Kinhoti,KINHOTI
55207,HARDOI,Sandila,Kirla,KIRLA
55208,HARDOI,Sandila,Kirtapur,NARAIN PUR
55209,HARDOI,Sandila,Korori,KANSUWA
55210,HARDOI,Sandila,Kothawan,GAURI   KOTHAWAN
55211,HARDOI,Sandila,Kourondh,KOURONDH
55212,HARDOI,Sandila,Koyaly,KOYALY
55213,HARDOI,Sandila,Kudauni,KUDAUNI
55214,HARDOI,Sandila,Kudauri,KUDAURI
55215,HARDOI,Sandila,Kukhi Dehat,KUKUHI
55216,HARDOI,Sandila,Kukura,KUKURA
55217,HARDOI,Sandila,Kulman Khera,KULMAN KHERA
55218,HARDOI,Sandila,Kundry,KODRI
55219,HARDOI,Sandila,Kurna Timruk,KURNA TIMRUK
55220,HARDOI,Sandila,Kursi,KURSI
55221,HARDOI,Sandila,Kutubpur,KUTUBPUR
55222,HARDOI,Sandila,Kuwan Bojh,LAULY
55223,HARDOI,Sandila,Lalamau,LALAMAU
55224,HARDOI,Sandila,Lalpur,GHERWA
55225,HARDOI,Sandila,Lalpur,NAGWA
55226,HARDOI,Sandila,Laudh Khera,KULMAN KHERA
55227,HARDOI,Sandila,Laudhora,LAUDHORA
55228,HARDOI,Sandila,Laudhora,LAUDHORA
55229,HARDOI,Sandila,Lauly,LAULY
55230,HARDOI,Sandila,Lohrai,LOHRAI
55231,HARDOI,Sandila,Lonhra,LONHRA
55232,HARDOI,Sandila,Lumamau,LUMAMAU
55233,HARDOI,Sandila,Madar,MADAR
55234,HARDOI,Sandila,Madna Khera,BAMHNAUA PENG
55235,HARDOI,Sandila,Maghnapur,LAUDHORA
55236,HARDOI,Sandila,Mahamadwur Belwaran,MAHMDAPUR
55237,HARDOI,Sandila,Mahamau,KHUTEHANA
55238,HARDOI,Sandila,Mahatwana,MEHATWANA DEHAT
55239,HARDOI,Sandila,Mahgawan,MAHGAWAN  REHRIYAMAU
55240,HARDOI,Sandila,Mahitha,MAHITHA
55241,HARDOI,Sandila,Mahmadpur Dhatigarah,MAHMADPUR DHATIGARA
55242,HARDOI,Sandila,Mahmdapur,MOHAMMADPUR
55243,HARDOI,Sandila,Mahmoodpur,MAHMOODPUR
55244,HARDOI,Sandila,Mahmoodpur,TERIYA
55245,HARDOI,Sandila,Mahmoodpur Lalta,MAHMOODPUR LALTA
55246,HARDOI,Sandila,Mahroniya,MAHRONIYA
55247,HARDOI,Sandila,Mahry,MAHRY
55248,HARDOI,Sandila,Mahsona,MAHSONA
55249,HARDOI,Sandila,Mahsuwa,PIPRI NARAYANPUR
55250,HARDOI,Sandila,Mahua Kola,MAHUA KOLA
55251,HARDOI,Sandila,Mahuwa Danda,MAHUWA DANDA
55252,HARDOI,Sandila,Majh Gaon,MAJH GAON
55253,HARDOI,Sandila,Majhgawan,MANJHIGAWAN
55254,HARDOI,Sandila,Makhadum Pura,MAKHDUM PUR
55255,HARDOI,Sandila,Malehra,MALEHRA
55256,HARDOI,Sandila,Maleya,MALAYIA
55257,HARDOI,Sandila,Malhpur,MALHPUR
55258,HARDOI,Sandila,Mamrejpur,MAMREJPUR
55259,HARDOI,Sandila,Mandoly,MANDOLY
55260,HARDOI,Sandila,Manghgaon,MANJHGAON
55261,HARDOI,Sandila,Manghgawn,MAJHGAWAN  SHIVPURI
55262,HARDOI,Sandila,Manikapur,JAROWA
55263,HARDOI,Sandila,Mareura,MAREURA
55264,HARDOI,Sandila,Mathura Garhi,TERIYA
55265,HARDOI,Sandila,Matuwa,TEURI  MATUA
55266,HARDOI,Sandila,Mau Chena,MAUCHENA
55267,HARDOI,Sandila,Mawae Musalmanabad,MAWAE MUSALMANAN
55268,HARDOI,Sandila,Mawai Brahman,PARIHAWAN   SHAKHVAPUR
55269,HARDOI,Sandila,Mawaiya,SUAGADA  TIGAWA
55270,HARDOI,Sandila,Meetau,MITO
55271,HARDOI,Sandila,Methowa,METHOWA
55272,HARDOI,Sandila,Mirnagar Ajjgawan,MIRNAGAR  AJIGAWAN
55273,HARDOI,Sandila,Mohiuddin Pur,PARSA   MUHIUDDINPUR
55274,HARDOI,Sandila,Musilmanabad,MUSILMANABAD
55275,HARDOI,Sandila,Muthiya,MUTHIYA
55276,HARDOI,Sandila,Nagwa,NAGWA
55277,HARDOI,Sandila,Nandauly,BHATAULI NANDAULI
55278,HARDOI,Sandila,Naramadnapur,NARAMADNAPUR
55279,HARDOI,Sandila,Narayan Deo,NARAYAN DEO
55280,HARDOI,Sandila,Narayanpur,NARAIN PUR
55281,HARDOI,Sandila,Narayanpur,NARAYANPUR SOONDA
55282,HARDOI,Sandila,Narendarpur,NARENDARPUR
55283,HARDOI,Sandila,Nariyary,BINDAURA
55284,HARDOI,Sandila,Narohiya,NAROHIYA
55285,HARDOI,Sandila,Neoa Khera,PAWAYA
55286,HARDOI,Sandila,Newada Bijay,RUDAULY  NEWADA
55287,HARDOI,Sandila,Newada Lochan,NEWADA LOCHAN
55288,HARDOI,Sandila,Newada Narpati,GAURI DAYAMPUR
55289,HARDOI,Sandila,Nirmalpur,NIRMALPUR
55290,HARDOI,Sandila,Padri Gahirawaly,GAHIRA
55291,HARDOI,Sandila,Padry,PADRY
55292,HARDOI,Sandila,Paharpur,JAJMAU
55293,HARDOI,Sandila,Paharpur,PAHARPUR
55294,HARDOI,Sandila,Pahtoeya,PAHTOEYA
55295,HARDOI,Sandila,Paira,BAAN
55296,HARDOI,Sandila,Pakra Diwan,KALHEPUR
55297,HARDOI,Sandila,palia,HUSENPUR
55298,HARDOI,Sandila,Paliya,PALIYA RAY SINGH
55299,HARDOI,Sandila,Paliya Ray Singh,PALIYA RAY SINGH
55300,HARDOI,Sandila,Parihawan,PARIHAWAN   SHAKHVAPUR
55301,HARDOI,Sandila,Parsa,PARSA   MUHIUDDINPUR
55302,HARDOI,Sandila,Patseny,PATSENI DEHAT
55303,HARDOI,Sandila,Pawaya,PAWAYA
55304,HARDOI,Sandila,Phakar Patti,ASAHI AJAMPUR
55305,HARDOI,Sandila,Phatehpur Pathrauly (Purab),FATTTEPUR PATHRAULY
55306,HARDOI,Sandila,Phatenpur Pathrauly Pachhim,FATTTEPUR PATHRAULY
55307,HARDOI,Sandila,Pigrawan,JASU
55308,HARDOI,Sandila,Pilkhini,PILKHINI   DHAMGARA
55309,HARDOI,Sandila,Pipargaon,PIPARGAON
55310,HARDOI,Sandila,Pipri,PIPRI
55311,HARDOI,Sandila,Pipri Narayanpur,PIPRI NARAYANPUR
55312,HARDOI,Sandila,Pirkapur,PIRKAPUR
55313,HARDOI,Sandila,Purwa,PURWA
55314,HARDOI,Sandila,Purwa Atwa,BAKWA
55315,HARDOI,Sandila,Purwa Man,PURWA MAN
55316,HARDOI,Sandila,Purwa Waji Rao,PURWA WAJI RAO
55317,HARDOI,Sandila,Raghunathpur,ADAMPUR
55318,HARDOI,Sandila,Raheriyamau,MAHGAWAN  REHRIYAMAU
55319,HARDOI,Sandila,Rahimabad Grant,RAHIMABAAD GRANT
55320,HARDOI,Sandila,Ram Madarpur,RAM MADARPUR
55321,HARDOI,Sandila,Rampur,RAM PUR ATWA
55322,HARDOI,Sandila,Rampur,RAYPUR  N.P. JAROA
55323,HARDOI,Sandila,Rampur,THAN GAON
55324,HARDOI,Sandila,Rampur Ashu,RAMPUR ASHU
55325,HARDOI,Sandila,Rampur Bhatauly,RAMPUR BHATAULY
55326,HARDOI,Sandila,Rani Khera,GONI
55327,HARDOI,Sandila,Rasulpur,RASULPUR
55328,HARDOI,Sandila,Rasulpur Barhman,RASULPUR BARHMAN
55329,HARDOI,Sandila,Rasulpur Grant,RASULPUR AANT
55330,HARDOI,Sandila,Raypur,RAYPUR  N.P. JANIGAUN
55331,HARDOI,Sandila,Reaso,REASO
55332,HARDOI,Sandila,Rekwar Khera,KATIYAR
55333,HARDOI,Sandila,Ritawey,RITAWEY
55334,HARDOI,Sandila,Rudauly,RUDAULY  NEWADA
55335,HARDOI,Sandila,Sadipur,SADIPUR
55336,HARDOI,Sandila,Sagar Garhi,SAGAR GARHI
55337,HARDOI,Sandila,Sahdin,VILAUNI SHAHADEEN
55338,HARDOI,Sandila,Sahigawan,SAHIGAWAN
55339,HARDOI,Sandila,Samodha,SAMODHA
55340,HARDOI,Sandila,Sanda Dakhlor,SANDA DAKHLOL
55341,HARDOI,Sandila,Sanie,SANAI
55342,HARDOI,Sandila,Santokha,SANTOSHA
55343,HARDOI,Sandila,Saray Marukpur,SARAY MARUFPUR
55344,HARDOI,Sandila,Sarehri,SAREHRI
55345,HARDOI,Sandila,Sarsand,SARSAND
55346,HARDOI,Sandila,Sarwa,SARWA  GOSWAN
55347,HARDOI,Sandila,Sarwen,SARWEN
55348,HARDOI,Sandila,Seayapur,SEAYAPUR
55349,HARDOI,Sandila,Shahpur,SAHAPUR  CHAMRAHA
55350,HARDOI,Sandila,Shahpur,SHAHPUR
55351,HARDOI,Sandila,Shamshpur,SHAMSHPUR
55352,HARDOI,Sandila,Shank,SHANK
55353,HARDOI,Sandila,Shankarpur,RAYPUR  N.P. JANIGAUN
55354,HARDOI,Sandila,Shekhwapur,PARIHAWAN   SHAKHVAPUR
55355,HARDOI,Sandila,Shiupuri,PAHARPUR
55356,HARDOI,Sandila,Shivnagara,SHIVNAGARA
55357,HARDOI,Sandila,Shivpury,SHIVPURI
55358,HARDOI,Sandila,Shyam Das Pur,SHYAM DAS PUR
55359,HARDOI,Sandila,Shyampur,SHYAMPUR
55360,HARDOI,Sandila,Sidhikpur,BAHLOLPUR
55361,HARDOI,Sandila,Sikandarpur,SIKANDARPUR
55362,HARDOI,Sandila,Sikanderpur,SIKANDERPUR
55363,HARDOI,Sandila,Sikrohry,SIKROHRY
55364,HARDOI,Sandila,Sindhwal Malihabad,SINDHWAL MALIHABAD
55365,HARDOI,Sandila,Sirauly,SIRAULY
55366,HARDOI,Sandila,Som,SOM
55367,HARDOI,Sandila,SOM,SOM
55368,HARDOI,Sandila,Sonikpur,SONIKPUR
55369,HARDOI,Sandila,Suagada,SUAGADA  TIGAWA
55370,HARDOI,Sandila,Sukhan Khera,SUKHAN KHERA
55371,HARDOI,Sandila,Sunda,NARAIN PUR
55372,HARDOI,Sandila,Sunderpur,SUNDARPUR
55373,HARDOI,Sandila,Sunny,SUNNY
55374,HARDOI,Sandila,Sutehna,SUTHENA
55375,HARDOI,Sandila,Talauly,TALAULY
55376,HARDOI,Sandila,Tarf Ashraf Tola,TARAF ASHRAF TOLA
55377,HARDOI,Sandila,Tarf Malikana,GOGAWAN UMRAO
55378,HARDOI,Sandila,Tarf Mandie,TARAF MANDIE
55379,HARDOI,Sandila,Teriya,TERIYA
55380,HARDOI,Sandila,Terwa,CHAWAN
55381,HARDOI,Sandila,Terwa Dahigawan,TERWA DAHIGAWAN
55382,HARDOI,Sandila,Terwa Pahelwan,AIRKA
55383,HARDOI,Sandila,Teuri,TEURI  MATUA
55384,HARDOI,Sandila,Tewna,TYONA
55385,HARDOI,Sandila,Thana,THAN GAON
55386,HARDOI,Sandila,Tidwary,DHIKUNNI
55387,HARDOI,Sandila,Tikara Khurd,BAMHNAU TIKARA
55388,HARDOI,Sandila,Tikari,TIKARI
55389,HARDOI,Sandila,Tikra Barar,TIKRA BARAR
55390,HARDOI,Sandila,Tikra Daudpur,MAKHDUM PUR
55391,HARDOI,Sandila,Tikra Kalla,TIKRA KALA N
55392,HARDOI,Sandila,Tiloeya Kalan,TILOEYA KALAN
55393,HARDOI,Sandila,Tiloeya Khurd,TILOEYA KHURD
55394,HARDOI,Sandila,Turnadew,BINDAURA
55395,HARDOI,Sandila,Turna Rudra,TURNA RUDRA PIPARCHAK
55396,HARDOI,Sandila,Ugpur,OUGPUR
55397,HARDOI,Sandila,Umartaly,UMARTALI
55398,HARDOI,Sandila,Umrari,UMRARI
55399,HARDOI,Sandila,Usarha,USRAHA
55400,HARDOI,Sandila,Usrha,SUAGADA  TIGAWA
55401,HARDOI,Sandila,Uttar Gheya,UTTAR DHAYIA
55402,HARDOI,Sandila,Uttar Kaund,UTTAR KRONDH
55403,HARDOI,Sandila,Wehsar,BEHSAR
55404,HARDOI,Sandila,Yarka,BARSARA
55405,HARDOI,Sawayajpur,Adampur,SEMAR JHALA
55406,HARDOI,Sawayajpur,Ahmadpur,KHANIKALA JAHANPUR
55407,HARDOI,Sawayajpur,Ainda,BEHTAHARI
55408,HARDOI,Sawayajpur,Akhri,SEMAR JHALA
55409,HARDOI,Sawayajpur,Alampur,BEHTA  LAKHI
55410,HARDOI,Sawayajpur,Aliganj Nan Kheriya,ALIGANJ NAN KHERIYA
55411,HARDOI,Sawayajpur,Aliyapur,FARIGAHANA ALIYAPUR
55412,HARDOI,Sawayajpur,Amirta,AMIRTA  MARKERA
55413,HARDOI,Sawayajpur,Andramau,KARTA  ADRAMAU
55414,HARDOI,Sawayajpur,Antwa Pansala,ANTWA SISALA
55415,HARDOI,Sawayajpur,Antwa Sisala,ANTWA SISALA
55416,HARDOI,Sawayajpur,Arjunpur Pansala,ARJUNPUR
55417,HARDOI,Sawayajpur,Arjunpur Sisala,ARJUNPUR
55418,HARDOI,Sawayajpur,Arwal Paschim,ARWAL
55419,HARDOI,Sawayajpur,Arwal Poorab,ARWAL
55420,HARDOI,Sawayajpur,Asmadha,ASMADHA
55421,HARDOI,Sawayajpur,Atariya,NAGLA BHAINSI
55422,HARDOI,Sawayajpur,Auhadpur,AUHADPUR  TIGAWAN
55423,HARDOI,Sawayajpur,Auhadpur Lala Bhup,CHANDRASIPUR   SAHIJNA
55424,HARDOI,Sawayajpur,Auraini,AURAINI
55425,HARDOI,Sawayajpur,Babarpur Pansala,BABARPUR
55426,HARDOI,Sawayajpur,Babarpur Sisala,BABARPUR
55427,HARDOI,Sawayajpur,Bahauddinpur,BAHAUDDINPUR
55428,HARDOI,Sawayajpur,Bahrampur,SERHAMAU
55429,HARDOI,Sawayajpur,Baithapur,BAITHAPUR
55430,HARDOI,Sawayajpur,Bajpur Naktaura,BAJPUR NAKTAURA
55431,HARDOI,Sawayajpur,Bajpur Naktaura Naseb,BAJPUR NAKTAURA
55432,HARDOI,Sawayajpur,Bakhria,BAKHRIA
55433,HARDOI,Sawayajpur,Bamhrauli,BAMH RAULI  CHATKAPUR
55434,HARDOI,Sawayajpur,Bamh Rauli,AZMAT NAGAR
55435,HARDOI,Sawayajpur,Bamta Pur Chillaur Pansala,BAMTA PUR CHILLAUR
55436,HARDOI,Sawayajpur,Bamta Pur Chillaur Sisala,BAMTA PUR CHILLAUR
55437,HARDOI,Sawayajpur,Bamtapur Nand Bagh,BAMTAPUR NANDBAGH
55438,HARDOI,Sawayajpur,Banamau,BANAMAU
55439,HARDOI,Sawayajpur,Bansy,BASI
55440,HARDOI,Sawayajpur,Baragaon,THARIYA
55441,HARDOI,Sawayajpur,Bara Mau Pansala,BARA MAU
55442,HARDOI,Sawayajpur,Bara Mau Sisala,BARA MAU
55443,HARDOI,Sawayajpur,Baran,BARAN
55444,HARDOI,Sawayajpur,Baran Dari,BARAN DARI
55445,HARDOI,Sawayajpur,Barauli,BARAULI
55446,HARDOI,Sawayajpur,Barauli Pansala,BARHAULI
55447,HARDOI,Sawayajpur,Baraura Pansala,BAHORA
55448,HARDOI,Sawayajpur,Barha Gaon,BARA GAON
55449,HARDOI,Sawayajpur,Barhauli,BARHAULI
55450,HARDOI,Sawayajpur,Bari,CHAUPUR
55451,HARDOI,Sawayajpur,Bari (Barra),BARRA
55452,HARDOI,Sawayajpur,Barnai Chatarkha,BARNAI CHATARKHA
55453,HARDOI,Sawayajpur,Baroura Sisala,BARUARA
55454,HARDOI,Sawayajpur,Barsana,MAHUA KOLI
55455,HARDOI,Sawayajpur,Barsohiya,BARSOIA
55456,HARDOI,Sawayajpur,Barwan Ahat Mali,BARVAN
55457,HARDOI,Sawayajpur,Barwan Faraj,BARVAN
55458,HARDOI,Sawayajpur,Barwan Naseb,BARVAN
55459,HARDOI,Sawayajpur,Baseliya,NAND KHERA
55460,HARDOI,Sawayajpur,Beerhijor,BEERHIJOR
55461,HARDOI,Sawayajpur,Behtahari,BEHTAHARI
55462,HARDOI,Sawayajpur,Behta Lakhi,BEHTA  LAKHI
55463,HARDOI,Sawayajpur,Behta Rampura,BEHTA RAMPURA
55464,HARDOI,Sawayajpur,Behthar,BEHTHAR
55465,HARDOI,Sawayajpur,Behti,JEORA
55466,HARDOI,Sawayajpur,Bhaghar Pansala,BHAGHAR
55467,HARDOI,Sawayajpur,Bhaghar Sisala,BHAGHAR
55468,HARDOI,Sawayajpur,Bhagwantpur,SARAI SAIF
55469,HARDOI,Sawayajpur,Bhahpur,KHANIKALA JAHANPUR
55470,HARDOI,Sawayajpur,Bhaila Mau Pansala,BHAILA MAU
55471,HARDOI,Sawayajpur,Bhaila Mau Sisala,BHAILA MAU
55472,HARDOI,Sawayajpur,Bhanapur Pansala,BHANAPUR JAINAMAU
55473,HARDOI,Sawayajpur,Bhanapur Sisala,BHANAPUR JAINAMAU
55474,HARDOI,Sawayajpur,Bharkhani,BHARKHANI
55475,HARDOI,Sawayajpur,Bhatauli,BHATAULI
55476,HARDOI,Sawayajpur,Bhatauli Dharam,BHATAULI DHARAM
55477,HARDOI,Sawayajpur,Bhatauli Panchsala,BHATAULI
55478,HARDOI,Sawayajpur,Bhawanipur,NAGRIYA CUT
55479,HARDOI,Sawayajpur,Bhorapur,BHORAPUR
55480,HARDOI,Sawayajpur,Bhupatipur Nagar,BHUPATI NAGARA
55481,HARDOI,Sawayajpur,Bhusehra,BHUSEHRA
55482,HARDOI,Sawayajpur,Bibiyapur,SERHAMAU
55483,HARDOI,Sawayajpur,Bijna,KUCHILA   VIJNA
55484,HARDOI,Sawayajpur,Bilsar Harsen,BILSAR HARSEN
55485,HARDOI,Sawayajpur,Bilsar Helan,BILSAR HELAN
55486,HARDOI,Sawayajpur,Bilsari Malik,MALIKAPUR    BALSARI
55487,HARDOI,Sawayajpur,Binaika Akbarpur Pansala,VINAIKA MADHIYARPUR
55488,HARDOI,Sawayajpur,Binaika Akbarpur Sisala,VINAIKA MADHIYARPUR
55489,HARDOI,Sawayajpur,Binaika Mafi,PAITHAPUR PACHARIYIA
55490,HARDOI,Sawayajpur,Bisauli,DHANI NAGLA
55491,HARDOI,Sawayajpur,Bundapur,DHARAMPUR
55492,HARDOI,Sawayajpur,Chakauti Kalan,CHAKAUTI KALAN
55493,HARDOI,Sawayajpur,Chakauti Khurd,CHAKAUTI KALAN
55494,HARDOI,Sawayajpur,Chanda Mohammadpur Pansala,CHANDA MOHAMMADPUR
55495,HARDOI,Sawayajpur,Chanda Mohammadpur Sisala,CHANDA MOHAMMADPUR
55496,HARDOI,Sawayajpur,Chandau Bakkha,CHANDAU BECHE
55497,HARDOI,Sawayajpur,Chandau Bechey,CHANDAU BECHE
55498,HARDOI,Sawayajpur,Chandrampur Pansala,BIRAMPUR     UVARIA
55499,HARDOI,Sawayajpur,Chandrampur Sisala,BIRAMPUR     UVARIA
55500,HARDOI,Sawayajpur,Chandrsipur,CHANDRASIPUR   SAHIJNA
55501,HARDOI,Sawayajpur,Chand Saura,CHAND SAURA
55502,HARDOI,Sawayajpur,Chanduapur,BABARPUR
55503,HARDOI,Sawayajpur,Chatkapur,BAMH RAULI  CHATKAPUR
55504,HARDOI,Sawayajpur,Chaunpur,CHAUPUR
55505,HARDOI,Sawayajpur,Chaura Rai,CHAURA RAO
55506,HARDOI,Sawayajpur,Chausar Pansala,CHAUSAR
55507,HARDOI,Sawayajpur,Chausar Sisala,CHAUSAR
55508,HARDOI,Sawayajpur,Chhitra Mau Pansala,CHHITRA MAU
55509,HARDOI,Sawayajpur,Chhitra Mau Sisala,CHHITRA MAU
55510,HARDOI,Sawayajpur,Chhochhpur,CHHOCHHPUR
55511,HARDOI,Sawayajpur,Choudhariapur,MIRGAWAN  CHODHARIAPUR
55512,HARDOI,Sawayajpur,Daghela,DAGHELA
55513,HARDOI,Sawayajpur,Dahalitha,DAHELIYA
55514,HARDOI,Sawayajpur,Dahirapur,DAHIRAPUR
55515,HARDOI,Sawayajpur,Dasauli,DASAULI
55516,HARDOI,Sawayajpur,Daulatpur,BHORAPUR
55517,HARDOI,Sawayajpur,Dayalpur,DAYALPUR
55518,HARDOI,Sawayajpur,Dei Chor Pansala,ANTWA SISALA
55519,HARDOI,Sawayajpur,Dei Chor Sisala,ANTWA SISALA
55520,HARDOI,Sawayajpur,Deokali,JIGNI  CHOUGWAN
55521,HARDOI,Sawayajpur,Deoniapur Balbhadra,PAITHAPUR PACHARIYIA
55522,HARDOI,Sawayajpur,Deopur,MAHRAYPUR
55523,HARDOI,Sawayajpur,Deorania,MAHDAYAN KHURD
55524,HARDOI,Sawayajpur,Dhak Pura,DHAKPURA
55525,HARDOI,Sawayajpur,Dhania Mau,DHANIA MAU
55526,HARDOI,Sawayajpur,Dharampur,DHARAMPUR
55527,HARDOI,Sawayajpur,Dharampur,PAKARI
55528,HARDOI,Sawayajpur,Dharampur,RAMDASPUR
55529,HARDOI,Sawayajpur,Dhauraliya,SEMAR JHALA
55530,HARDOI,Sawayajpur,Dhigasar,NIKARI  DIGSAR
55531,HARDOI,Sawayajpur,Dhikaha,SILWARI
55532,HARDOI,Sawayajpur,Didwan,PARCHAULI
55533,HARDOI,Sawayajpur,Dularpur,DULARPUR TIGANWA
55534,HARDOI,Sawayajpur,Farigahana,FARIGAHANA ALIYAPUR
55535,HARDOI,Sawayajpur,Gadanpur,GADANPUR
55536,HARDOI,Sawayajpur,Gadanpur,MAHRAYPUR
55537,HARDOI,Sawayajpur,Gadherha,MAHDAYAN KHURD
55538,HARDOI,Sawayajpur,Gadnapur,KHAMAURA
55539,HARDOI,Sawayajpur,Gajiyapur,SEMAR JHALA
55540,HARDOI,Sawayajpur,Gangeypur,ARJUNPUR
55541,HARDOI,Sawayajpur,Garhuapur,BHORAPUR
55542,HARDOI,Sawayajpur,Gaura Udaipur,GAURA UDAIPUR
55543,HARDOI,Sawayajpur,Gauria Pansala,GAURIA
55544,HARDOI,Sawayajpur,Gauria Sisala,GAURIA
55545,HARDOI,Sawayajpur,Gaur Khera,GAUR KHERA
55546,HARDOI,Sawayajpur,Ghatkana,GHATKANA
55547,HARDOI,Sawayajpur,Ghatwasa,TILIA GHATWASA
55548,HARDOI,Sawayajpur,Ghorhi Thar,GHORHI THAR   MUBARAKPUR
55549,HARDOI,Sawayajpur,Gurah,GURAH
55550,HARDOI,Sawayajpur,Gurdharu,DAHIRAPUR
55551,HARDOI,Sawayajpur,Haraiya,PITHNAPUR   NAGRIA
55552,HARDOI,Sawayajpur,Haran Kuda Pansala,RAMAPUR MISRA
55553,HARDOI,Sawayajpur,Haran Kuda Sisala,RAMAPUR MISRA
55554,HARDOI,Sawayajpur,Hari Bansapur Pansala,HARIBANSHAPUR
55555,HARDOI,Sawayajpur,Hari Bansapur Sisala,HARIBANSHAPUR
55556,HARDOI,Sawayajpur,Harpalpur,HARPALPUR
55557,HARDOI,Sawayajpur,Hasnapur,HASNAPUR
55558,HARDOI,Sawayajpur,Hathaura,HATHAURA
55559,HARDOI,Sawayajpur,Hunseypur,BABARPUR
55560,HARDOI,Sawayajpur,Iknaura,IKNAURA
55561,HARDOI,Sawayajpur,Ismailpur,BILSAR HELAN
55562,HARDOI,Sawayajpur,Ismailpur,TIKAR
55563,HARDOI,Sawayajpur,Jahanpur,KHANIKALA JAHANPUR
55564,HARDOI,Sawayajpur,Jaitpur,SINGHAPUR
55565,HARDOI,Sawayajpur,Jalpipur Pansala,MEOTHA
55566,HARDOI,Sawayajpur,Jalpipur Sisala,MEOTHA
55567,HARDOI,Sawayajpur,Janiya Mau,BHANAPUR JAINAMAU
55568,HARDOI,Sawayajpur,Jasmaee,JIGNI  CHOUGWAN
55569,HARDOI,Sawayajpur,Jeora,JEORA
55570,HARDOI,Sawayajpur,Jeuri,BARHAULI
55571,HARDOI,Sawayajpur,Jeuri Chandrampur,JEURI CHANDRAMPUR
55572,HARDOI,Sawayajpur,Jigni,JIGNI  CHOUGWAN
55573,HARDOI,Sawayajpur,Jilgaon,JILGAON
55574,HARDOI,Sawayajpur,Kahrai Naktaura Pansala,KAHRAI NAKTAURA
55575,HARDOI,Sawayajpur,Kahrai Naktaura Sisala,KAHRAI NAKTAURA
55576,HARDOI,Sawayajpur,Kaikhaye,KAIKHAYE
55577,HARDOI,Sawayajpur,Kaitha,BAHAUDDINPUR
55578,HARDOI,Sawayajpur,Kakra,KAKRA
55579,HARDOI,Sawayajpur,Kakrauaa,KAKRAUA
55580,HARDOI,Sawayajpur,Kanhari,KANHARI
55581,HARDOI,Sawayajpur,Kankapur Lal,VINAIKA MADHIYARPUR
55582,HARDOI,Sawayajpur,Kankapur Ubariya,KANKAPUR UBARIYA
55583,HARDOI,Sawayajpur,Karak Chamau,KARAK CHAMAU
55584,HARDOI,Sawayajpur,Karanpur Matini,KARANPUR MATINI
55585,HARDOI,Sawayajpur,Karta,KARTA  ADRAMAU
55586,HARDOI,Sawayajpur,Kathetha,KTHETHA
55587,HARDOI,Sawayajpur,Katri Chandapur,MANSOORPUR
55588,HARDOI,Sawayajpur,Katri Chhochhpur,KATRI CHHOCHHPUR
55589,HARDOI,Sawayajpur,Katri Gugrapur,MANSOORPUR
55590,HARDOI,Sawayajpur,Katri Haidarabad,MANSOORPUR
55591,HARDOI,Sawayajpur,Katri Ibrahimpur,KATRI CHHIBRAMAU
55592,HARDOI,Sawayajpur,Katri Kusum Khor,MANSOORPUR
55593,HARDOI,Sawayajpur,Katri Umrauli,UMRAULI HAIDER
55594,HARDOI,Sawayajpur,Kausiya,SAIDAPUR   KOUSIA
55595,HARDOI,Sawayajpur,Khamhaura Pansala,KHAMAURA
55596,HARDOI,Sawayajpur,Khamhaura Sisala,KHAMAURA
55597,HARDOI,Sawayajpur,Khandaua Mirzapur,SILWARI
55598,HARDOI,Sawayajpur,Khanjahanpur,RAMDASPUR
55599,HARDOI,Sawayajpur,Khankalapur,KHANIKALA JAHANPUR
55600,HARDOI,Sawayajpur,Kharagpur,SARESAR
55601,HARDOI,Sawayajpur,Kharuddinpur,KHARUDDINPUR
55602,HARDOI,Sawayajpur,Khasaura,KHASAURA
55603,HARDOI,Sawayajpur,Khetauli,KHETAULI   DUGAWAN
55604,HARDOI,Sawayajpur,Khimapurva,KUCHILA   VIJNA
55605,HARDOI,Sawayajpur,Khwajgipur,RAMDASPUR
55606,HARDOI,Sawayajpur,Kiratpur,PALIA KIRATPUR
55607,HARDOI,Sawayajpur,Kishanpur,BHORAPUR
55608,HARDOI,Sawayajpur,Koliya,MIRKAPUR
55609,HARDOI,Sawayajpur,Kuchila,KUCHILA   VIJNA
55610,HARDOI,Sawayajpur,Kudha,ARJUNPUR
55611,HARDOI,Sawayajpur,Kunwarpur,RAMAPUR   KUWARPUR
55612,HARDOI,Sawayajpur,Lakhmapur Pansala,LAKHMAPUR
55613,HARDOI,Sawayajpur,Lakhmapur Sisala,LAKHMAPUR
55614,HARDOI,Sawayajpur,Laluwa Mau,LALUWA MAU
55615,HARDOI,Sawayajpur,Lamkan,LAMKAN
55616,HARDOI,Sawayajpur,Madar,AERA BHADAR
55617,HARDOI,Sawayajpur,Madarpur Mohiuddinpur,MADARPUR MOHIUDDINPUR
55618,HARDOI,Sawayajpur,madna khera,MADNAPUR
55619,HARDOI,Sawayajpur,Madnapur,MADNAPUR
55620,HARDOI,Sawayajpur,Magraura,MAGRAURA
55621,HARDOI,Sawayajpur,Mahamdapur,RAMAPUR RAHOLIA
55622,HARDOI,Sawayajpur,Mahdain Kalan,MAHDAYAN KHURD
55623,HARDOI,Sawayajpur,Mahday Khurd,MAHDAYAN KHURD
55624,HARDOI,Sawayajpur,Mahimapur,DULARPUR TIGANWA
55625,HARDOI,Sawayajpur,Mahitapur,MAHITAPUR
55626,HARDOI,Sawayajpur,Mahmoodpur,MAHMOODPUR    ATARIA
55627,HARDOI,Sawayajpur,Mahreypur,MAHRAYPUR
55628,HARDOI,Sawayajpur,Mahsoolapur,MAHSULAPUR
55629,HARDOI,Sawayajpur,Mahua Koli,MAHUA KOLI
55630,HARDOI,Sawayajpur,Malautha,MALAUTHA
55631,HARDOI,Sawayajpur,Malikapur,MALIKAPUR    BALSARI
55632,HARDOI,Sawayajpur,Manduwdpur Narautha,DHANIA MAU
55633,HARDOI,Sawayajpur,Manimau,MANIMAU
55634,HARDOI,Sawayajpur,Mani Mau,MANI MAU
55635,HARDOI,Sawayajpur,Man Nagla,MAN NAGLA
55636,HARDOI,Sawayajpur,Manpara,MANPARA
55637,HARDOI,Sawayajpur,Mansoorpur,MANSOORPUR
55638,HARDOI,Sawayajpur,Markara,AMIRTA  MARKERA
55639,HARDOI,Sawayajpur,Mastapur,PARCHAULI
55640,HARDOI,Sawayajpur,Mattipur,MATTIPUR
55641,HARDOI,Sawayajpur,Menghpur,BABARPUR
55642,HARDOI,Sawayajpur,Menhdiyarpur,VINAIKA MADHIYARPUR
55643,HARDOI,Sawayajpur,Meotha Pansala,MEOTHA
55644,HARDOI,Sawayajpur,Meotha Sisala,MEOTHA
55645,HARDOI,Sawayajpur,Mirgawan,MIRGAWAN  CHODHARIAPUR
55646,HARDOI,Sawayajpur,Mirkapur,MIRKAPUR
55647,HARDOI,Sawayajpur,Mirkapur Naseb,BARVAN
55648,HARDOI,Sawayajpur,Mitmitpur Naseb,MITMITPUR
55649,HARDOI,Sawayajpur,Molhanpur Pansala,MUHALANPUR
55650,HARDOI,Sawayajpur,Molhanpur Sisala,MUHALANPUR
55651,HARDOI,Sawayajpur,Mubarakpur,GHORHI THAR   MUBARAKPUR
55652,HARDOI,Sawayajpur,Munder,MUNDER
55653,HARDOI,Sawayajpur,Murcha,MURCHA
55654,HARDOI,Sawayajpur,Murwa Shaha Buddinpur,MURWA SHAHA BUDDINPUR
55655,HARDOI,Sawayajpur,Muthauli,PITHNAPUR   NAGRIA
55656,HARDOI,Sawayajpur,Nagara,BARSOIA
55657,HARDOI,Sawayajpur,Nagla Bhainsi,NAGLA BHAINSI
55658,HARDOI,Sawayajpur,Nagla Pahladpur,BHAILA MAU
55659,HARDOI,Sawayajpur,Naglapattu,RAMAPUR   KUWARPUR
55660,HARDOI,Sawayajpur,Nagra,MAHRAYPUR
55661,HARDOI,Sawayajpur,Nagra Choudharpur,NAGRA CHOUDHARPUR
55662,HARDOI,Sawayajpur,Nagra Sahsi,MANSOORPUR
55663,HARDOI,Sawayajpur,Nagriya Cut,NAGRIYA CUT
55664,HARDOI,Sawayajpur,Nagriya Sadhau,PITHNAPUR   NAGRIA
55665,HARDOI,Sawayajpur,Nand Khera,NAND KHERA
55666,HARDOI,Sawayajpur,Nanndana Barar,NANNDANA
55667,HARDOI,Sawayajpur,Nanndana Pansala,NANNDANA
55668,HARDOI,Sawayajpur,Nanndana Sisala,NANNDANA
55669,HARDOI,Sawayajpur,Narayanpur,KUCHILA   VIJNA
55670,HARDOI,Sawayajpur,Naseerpur,DHANI NAGLA
55671,HARDOI,Sawayajpur,Nayagaon,MAHRAYPUR
55672,HARDOI,Sawayajpur,Naya Gaon,NAYA GAON
55673,HARDOI,Sawayajpur,Newada,NEWADA   CHOUGWAN
55674,HARDOI,Sawayajpur,Newada,SAHUAPUR
55675,HARDOI,Sawayajpur,Nikari,NIKARI  DIGSAR
55676,HARDOI,Sawayajpur,Nizampur,NIZAMPUR
55677,HARDOI,Sawayajpur,Nizampur Saida,GAUR KHERA
55678,HARDOI,Sawayajpur,Nonkhara,NONKHARA
55679,HARDOI,Sawayajpur,Pachraiya,PAITHAPUR PACHARIYIA
55680,HARDOI,Sawayajpur,Padamlapur,AUHADPUR  TIGAWAN
55681,HARDOI,Sawayajpur,Pahunchna Khera,LAKHMAPUR
55682,HARDOI,Sawayajpur,Paintpur,PAITHAPUR PACHARIYIA
55683,HARDOI,Sawayajpur,Pakari,PAKARI
55684,HARDOI,Sawayajpur,Pakha,DULARPUR TIGANWA
55685,HARDOI,Sawayajpur,Palia Pansala,PALIA KIRATPUR
55686,HARDOI,Sawayajpur,Palia Sisala,PALIA KIRATPUR
55687,HARDOI,Sawayajpur,Pandeypur,PANDEYPUR
55688,HARDOI,Sawayajpur,Parchauli,PARCHAULI
55689,HARDOI,Sawayajpur,Pemapur,SONEPUR
55690,HARDOI,Sawayajpur,Pithnapur,PITHNAPUR   NAGRIA
55691,HARDOI,Sawayajpur,Poora,BARVAN
55692,HARDOI,Sawayajpur,Poora Naseb,BARVAN
55693,HARDOI,Sawayajpur,Poora Ratan,BEERHIJOR
55694,HARDOI,Sawayajpur,Pura Anta,DAYALPUR
55695,HARDOI,Sawayajpur,Pura Rohan,CHANDAU BECHE
55696,HARDOI,Sawayajpur,Rabiapur,SARESAR
55697,HARDOI,Sawayajpur,Rahtaura,RAHTAURA
55698,HARDOI,Sawayajpur,Raipur,KANKAPUR UBARIYA
55699,HARDOI,Sawayajpur,Rajarampur,KHANIKALA JAHANPUR
55700,HARDOI,Sawayajpur,Rajpur Labhera,CHAKAUTI KALAN
55701,HARDOI,Sawayajpur,Rajuapur,THARIYA
55702,HARDOI,Sawayajpur,Ramapur,RAMAPUR   KUWARPUR
55703,HARDOI,Sawayajpur,Ramapur Adhaikan,MANIMAU
55704,HARDOI,Sawayajpur,Ramapur Chhaiya,RAMAPUR CHHAIYA
55705,HARDOI,Sawayajpur,Ramapur Lal,RAMDASPUR
55706,HARDOI,Sawayajpur,Ramapur Misra,RAMAPUR MISRA
55707,HARDOI,Sawayajpur,Ramdaspur,RAMDASPUR
55708,HARDOI,Sawayajpur,Ram Nagar,MURCHA
55709,HARDOI,Sawayajpur,Rampura Khamariya,RAMPURA KHAMARIYA
55710,HARDOI,Sawayajpur,Rampur Lalji,PAKARI
55711,HARDOI,Sawayajpur,Rani Khera,BASI
55712,HARDOI,Sawayajpur,Ratanpur,NAND KHERA
55713,HARDOI,Sawayajpur,Raura,RAURA
55714,HARDOI,Sawayajpur,Roshanpur,ROSHAN PUR
55715,HARDOI,Sawayajpur,Rudrapur,BABARPUR
55716,HARDOI,Sawayajpur,Rupapur,BABARPUR
55717,HARDOI,Sawayajpur,Saee,BARHAULI
55718,HARDOI,Sawayajpur,Sahijana,BHATAULI
55719,HARDOI,Sawayajpur,Sahijana Sisala,BHATAULI
55720,HARDOI,Sawayajpur,Sahijana Sisala,CHANDRASIPUR   SAHIJNA
55721,HARDOI,Sawayajpur,Sahjanpur,SAHJANPUR
55722,HARDOI,Sawayajpur,Sahuapur,SAHUAPUR
55723,HARDOI,Sawayajpur,Saidapur,SAIDAPUR   KOUSIA
55724,HARDOI,Sawayajpur,Sakrauli,RAMAPUR   KUWARPUR
55725,HARDOI,Sawayajpur,Salhoni Pansala,SALHONI
55726,HARDOI,Sawayajpur,Salhoni Sisala,SALHONI
55727,HARDOI,Sawayajpur,Sandi Khera,PAITHAPUR PACHARIYIA
55728,HARDOI,Sawayajpur,Sanjhara,AUHADPUR  TIGAWAN
55729,HARDOI,Sawayajpur,Sarai Ragho Sisala,SARAI RAGHO
55730,HARDOI,Sawayajpur,Sarai Saif Pansala,SARAI SAIF
55731,HARDOI,Sawayajpur,Sarai Saif Sisala,SARAI SAIF
55732,HARDOI,Sawayajpur,Saraj Ragho Pansala,SARAI RAGHO
55733,HARDOI,Sawayajpur,Saresar,SARESAR
55734,HARDOI,Sawayajpur,Sariya Paraspur,JILGAON
55735,HARDOI,Sawayajpur,Sarsai,SARSAI
55736,HARDOI,Sawayajpur,Satautha,SATAUTHA
55737,HARDOI,Sawayajpur,Sathiya Mau Pansala,SADHIYA MAU
55738,HARDOI,Sawayajpur,Sathiya Mau Sisala,SADHIYA MAU
55739,HARDOI,Sawayajpur,Saurangpur,CHANDRASIPUR   SAHIJNA
55740,HARDOI,Sawayajpur,Sawaizpur,SAWAIZPUR
55741,HARDOI,Sawayajpur,Semariya,SEMARIYA
55742,HARDOI,Sawayajpur,Semar Jhala,SEMAR JHALA
55743,HARDOI,Sawayajpur,Semria,SEMRIA
55744,HARDOI,Sawayajpur,Serhamau,SERHAMAU
55745,HARDOI,Sawayajpur,Shaha Buddinpur,SHAHA BUDDINPUR
55746,HARDOI,Sawayajpur,Shekhapur Nagria Jadid,SHEKHAPUR NAGRIA
55747,HARDOI,Sawayajpur,Shekhapur Nagria Kadim,SHEKHAPUR NAGRIA
55748,HARDOI,Sawayajpur,Shekhpur,SEKHPURSARIYA
55749,HARDOI,Sawayajpur,Shekhpur,SHEKHPUR
55750,HARDOI,Sawayajpur,Shrimau,SHRIMAU
55751,HARDOI,Sawayajpur,Shyampur,SHYAMPUR PANJA
55752,HARDOI,Sawayajpur,Sidheypur,GAURIA
55753,HARDOI,Sawayajpur,Sildaspur,NAGRA CHOUDHARPUR
55754,HARDOI,Sawayajpur,Silwari,SILWARI
55755,HARDOI,Sawayajpur,Singhapur,SINGHAPUR
55756,HARDOI,Sawayajpur,Sirsa,SIRSA
55757,HARDOI,Sawayajpur,Siya Kadim,MAGRAURA
55758,HARDOI,Sawayajpur,Siya Zadid,CHANDAU BECHE
55759,HARDOI,Sawayajpur,Sonepur,SONEPUR
55760,HARDOI,Sawayajpur,Sultanpur,MAHUA KOLI
55761,HARDOI,Sawayajpur,Surjanapur,PARCHAULI
55762,HARDOI,Sawayajpur,Surjoopur Durjana Pansala,SURJOOPUR DURJANA
55763,HARDOI,Sawayajpur,Surjoopur Durjana Sisala,SURJOOPUR DURJANA
55764,HARDOI,Sawayajpur,Surjupur,KHASAURA
55765,HARDOI,Sawayajpur,Taraura,TARAURA
55766,HARDOI,Sawayajpur,Taudhakpur,GHATKANA
55767,HARDOI,Sawayajpur,Tera,MAHMOODPUR    ATARIA
55768,HARDOI,Sawayajpur,Tera Pursoli Pansala,TAIRAPUR SOLI
55769,HARDOI,Sawayajpur,Tera Pursoli Sisala,TAIRAPUR SOLI
55770,HARDOI,Sawayajpur,Thariya,THARIYA
55771,HARDOI,Sawayajpur,Tikar,TIKAR
55772,HARDOI,Sawayajpur,Timirpur,TIMIRPUR
55773,HARDOI,Sawayajpur,Tithi Gaon Pansala,TITHI GAON
55774,HARDOI,Sawayajpur,Tithi Gaon Sisala,TITHI GAON
55775,HARDOI,Sawayajpur,Ubariya Khurd,BIRAMPUR     UVARIA
55776,HARDOI,Sawayajpur,Ubriakalan,UBRIAKALAN
55777,HARDOI,Sawayajpur,Udharna Pur,BHAILA MAU
55778,HARDOI,Sawayajpur,Umrauli Gangawar,UMRAULI HAIDER
55779,HARDOI,Sawayajpur,Umrauli Jaitpur,UMRAULI HAIDER
55780,HARDOI,Sawayajpur,Virsinghpur,MAHRAYPUR
55781,HARDOI,Shahabad,Abdulla Nagar,ABDULLA NAGAR
55782,HARDOI,Shahabad,Abdullapur,ABDULLAPUR
55783,HARDOI,Shahabad,Agampur,AGAMPUR  DHURHAI
55784,HARDOI,Shahabad,Agapur,AGAPUR  SARDAR
55785,HARDOI,Shahabad,Ahemi,AHEMI
55786,HARDOI,Shahabad,Ahukhana,KAMALPUR
55787,HARDOI,Shahabad,Aigawan,AIGAWA
55788,HARDOI,Shahabad,Aintha Khera,AINTHA KHERA
55789,HARDOI,Shahabad,Akhtiyarpur,HARRAI   TIGAWAN
55790,HARDOI,Shahabad,Alam Nagar,ALAM NAGAR
55791,HARDOI,Shahabad,Alavalpur,HUMAUNPUR
55792,HARDOI,Shahabad,Ali Hajipur,SHANKARPUR
55793,HARDOI,Shahabad,Ambari,AMBARI
55794,HARDOI,Shahabad,Amirta,FAIZULLAPUR
55795,HARDOI,Shahabad,Amirta Chauki,AMIRTA BADHYIA
55796,HARDOI,Shahabad,Amtalia,KOTRA
55797,HARDOI,Shahabad,Amtara,AMTARA
55798,HARDOI,Shahabad,Anangpur,ANANGPUR
55799,HARDOI,Shahabad,Anda Barahimpur,ANDA IBARAHIMPUR
55800,HARDOI,Shahabad,Andaua,ANDAUA
55801,HARDOI,Shahabad,Anjana,SHAHPUR SHUKUL
55802,HARDOI,Shahabad,Anjhi,ANJHI
55803,HARDOI,Shahabad,Antora,ANTORA
55804,HARDOI,Shahabad,Arua,ARUPARA
55805,HARDOI,Shahabad,Asalapur,ASALAPUR
55806,HARDOI,Shahabad,Asgarpur,ASGARPUR
55807,HARDOI,Shahabad,Atarjee Panchsala,ATARJI
55808,HARDOI,Shahabad,Atarjee Sisala,ATARJI
55809,HARDOI,Shahabad,Aureri,AURERI
55810,HARDOI,Shahabad,Ayari,AYARI
55811,HARDOI,Shahabad,Babakkarpur,PEERPUR
55812,HARDOI,Shahabad,Baburhai,MANIKAPUR BABUHAI
55813,HARDOI,Shahabad,Baddapur,USMANPUR
55814,HARDOI,Shahabad,Bahadur Nagar,BAHADUR NAGAR
55815,HARDOI,Shahabad,Baharma Hashimpur,REBHA MURADPUR
55816,HARDOI,Shahabad,Baherma,BAHERMA
55817,HARDOI,Shahabad,Baijoopur,BAIJOOPUR
55818,HARDOI,Shahabad,Bakar Nagar,HUMAUNPUR
55819,HARDOI,Shahabad,Bakaura,BOOTA MAU
55820,HARDOI,Shahabad,Bakshipur,BAKSHIPUR
55821,HARDOI,Shahabad,Bandraha,BANDRAHA
55822,HARDOI,Shahabad,Banjaria,BANJARIA
55823,HARDOI,Shahabad,Baraunia,KAPOORPUR BAHORAN
55824,HARDOI,Shahabad,Barela,BURHANPUR
55825,HARDOI,Shahabad,Barhaiya Khera,AMIRTA BADHYIA
55826,HARDOI,Shahabad,Bari,BARI
55827,HARDOI,Shahabad,Bari,BARI
55828,HARDOI,Shahabad,Bari,KOTHILA SHRAIYA
55829,HARDOI,Shahabad,Baripur,HASNAPUR
55830,HARDOI,Shahabad,Barkhera,KHANIGAWAN KALAN
55831,HARDOI,Shahabad,Barkhera,NEWADA CHATHIYA
55832,HARDOI,Shahabad,Barkhera Grant,FATTEPUR
55833,HARDOI,Shahabad,Barkheria,CHATHIA BUZURG
55834,HARDOI,Shahabad,Baruara,BARUARA
55835,HARDOI,Shahabad,Basat Nagar,BASIT NAGAR
55836,HARDOI,Shahabad,Basat Nagar Pansala,BASIT NAGAR
55837,HARDOI,Shahabad,Basbheria,BASBHERIA
55838,HARDOI,Shahabad,Basbherwa Rawat,BANJARIA
55839,HARDOI,Shahabad,Bazid Nagar,BAZID NAGAR
55840,HARDOI,Shahabad,Beehat,VIHAT NEVADA
55841,HARDOI,Shahabad,Behra Rasoolpur,BAHERHA RASOOLPUR
55842,HARDOI,Shahabad,Behta Kola,GARHEYPUR
55843,HARDOI,Shahabad,Bela Kapoorpur,BELA KAPPOR PUR
55844,HARDOI,Shahabad,Bhabhar Keshopur,BHABHAR KESHOPUR
55845,HARDOI,Shahabad,Bhadasi,BHADASI
55846,HARDOI,Shahabad,Bhadevna,BHADEVNA
55847,HARDOI,Shahabad,Bhadevni,FAIZULLAPUR
55848,HARDOI,Shahabad,Bhahpur Sapha,BHAPUR SAPHA
55849,HARDOI,Shahabad,Bharona,DAMGARHA
55850,HARDOI,Shahabad,Bhethua,BHETHUA
55851,HARDOI,Shahabad,Bhigawan Pansala,BIHGAWAN
55852,HARDOI,Shahabad,Bhiria,KOTRA
55853,HARDOI,Shahabad,Bhiti Newada,BHITI NEWADA
55854,HARDOI,Shahabad,Bhogipur Grant,BHOGIPUR GRANT
55855,HARDOI,Shahabad,Bhoora,MISHRIPUR
55856,HARDOI,Shahabad,Bhoota Mau Pansala,BOOTA MAU
55857,HARDOI,Shahabad,Bihgawan,BIHGAWAN
55858,HARDOI,Shahabad,Bijgawan,BIJGAWAN
55859,HARDOI,Shahabad,Bilhari,BILAHRI
55860,HARDOI,Shahabad,Bilhari,BILHARI
55861,HARDOI,Shahabad,Binnha,PEELA MAHUA
55862,HARDOI,Shahabad,Birampur,BIRAMPUR     UVARIA
55863,HARDOI,Shahabad,Birauli Pansala,BIRORI
55864,HARDOI,Shahabad,Birauri,BIRORI
55865,HARDOI,Shahabad,Biriya,CHAKRACHHA
55866,HARDOI,Shahabad,Biruapur,NAGLA KHANPUR
55867,HARDOI,Shahabad,Boota Mau,BOOTA MAU
55868,HARDOI,Shahabad,Bukharpur,DARRA BHUKHARPUR
55869,HARDOI,Shahabad,Burhanpur,BURHANPUR
55870,HARDOI,Shahabad,Chaina,CHAINA
55871,HARDOI,Shahabad,Chak Dhakia,DHAKIA  TIGAWAN
55872,HARDOI,Shahabad,Chak Pihani,HIROLI KUTUB NAGAR
55873,HARDOI,Shahabad,Chakrachha,CHAKRACHHA
55874,HARDOI,Shahabad,Chandeli,CHANDELI
55875,HARDOI,Shahabad,Chandpur,CHANDPUR
55876,HARDOI,Shahabad,Chandrampur,CHANDRAMPUR PANSALA
55877,HARDOI,Shahabad,Chandu Pur Khairai,CHANDU PUR KHAIRAI
55878,HARDOI,Shahabad,Chathia,CHATHIA DHANWAR
55879,HARDOI,Shahabad,Chathia Buzurg,CHATHIA BUZURG
55880,HARDOI,Shahabad,Chhataiya,CHHATAIYA    LODANAKHERA
55881,HARDOI,Shahabad,Chiraiyan,UDHRANPUR
55882,HARDOI,Shahabad,Dahelia,DAHELIA
55883,HARDOI,Shahabad,Dalel Nagar,DALEL NAGAR
55884,HARDOI,Shahabad,Damgarha,DAMGARHA
55885,HARDOI,Shahabad,Damgarha,GUJIDEI
55886,HARDOI,Shahabad,Dariyabad,JALPAPUR
55887,HARDOI,Shahabad,Dariyapur,DHIARAI
55888,HARDOI,Shahabad,Dariyapur Balbhadra,DARIYAPUR BALBHADRA
55889,HARDOI,Shahabad,Darra,DARRA BHUKHARPUR
55890,HARDOI,Shahabad,Daryapur Bikku,DARYAPUR BIKKU
55891,HARDOI,Shahabad,Dateonapur,DATEONAPUR
55892,HARDOI,Shahabad,Daud Nagar,TIUR CHOUGWAN
55893,HARDOI,Shahabad,Daulatiapur,DAULATIAPUR
55894,HARDOI,Shahabad,Daulatpur Gangadas,NAGLA GANESH
55895,HARDOI,Shahabad,Del Pandarwa,DEL PANDARWA
55896,HARDOI,Shahabad,Deomalpur,DEOMALPUR
55897,HARDOI,Shahabad,Deomalpur,MASAFANA
55898,HARDOI,Shahabad,Dhakia,DHAKIA  TIGAWAN
55899,HARDOI,Shahabad,Dhamapur,DHAMAPUR
55900,HARDOI,Shahabad,Dhani Nagla,DHANI NAGLA
55901,HARDOI,Shahabad,Dhanwar,DHANWAR
55902,HARDOI,Shahabad,Dharampur,AURERI
55903,HARDOI,Shahabad,Dharampur,SINGOHA
55904,HARDOI,Shahabad,Dhiarai,DHIARAI
55905,HARDOI,Shahabad,Dighia,DIGHIA
55906,HARDOI,Shahabad,Dwar Nagla,BHAPUR SAPHA
55907,HARDOI,Shahabad,Fadnapur,SAKRAULI
55908,HARDOI,Shahabad,Faizullapur,FAIZULLAPUR
55909,HARDOI,Shahabad,Fattepur,FATTEPUR
55910,HARDOI,Shahabad,Fattepur Gayand,FATTEPUR GAYAND
55911,HARDOI,Shahabad,Fattepur Gazi,FATTEPUR GAZI
55912,HARDOI,Shahabad,Fattepur Sheogulam,SHARMA  FATTYPUR
55913,HARDOI,Shahabad,Fatteypur,KHANIGAWAN KHURD
55914,HARDOI,Shahabad,Fatteypur Viran,HARRAI   TIGAWAN
55915,HARDOI,Shahabad,Feerojpur Pansala,PARELI
55916,HARDOI,Shahabad,Firoozpur Kalan,DAULATIAPUR
55917,HARDOI,Shahabad,Firoozpur Khurd,FIROZPUR KHURD
55918,HARDOI,Shahabad,Gahora,GAHORA
55919,HARDOI,Shahabad,Gajua Khera,GAJUA KHERA
55920,HARDOI,Shahabad,Ganuapur,BARI
55921,HARDOI,Shahabad,Garheypur,GARHEYPUR
55922,HARDOI,Shahabad,Garhichand Khan,GARHICHAND KHAN
55923,HARDOI,Shahabad,Gauhania,GAHORA
55924,HARDOI,Shahabad,Gaurawa,GAURIA   KAPOOR PUR
55925,HARDOI,Shahabad,Gauria,DATEONAPUR
55926,HARDOI,Shahabad,Gauria,GAURIA   KAPOOR PUR
55927,HARDOI,Shahabad,Gauriya,GURAHA
55928,HARDOI,Shahabad,Gautia,JAMALPUR
55929,HARDOI,Shahabad,Ghanu Nagla,BHAPUR SAPHA
55930,HARDOI,Shahabad,Ghaso,DHASO
55931,HARDOI,Shahabad,Ghurha,GURAHA
55932,HARDOI,Shahabad,Ghurhai,AGAMPUR  DHURHAI
55933,HARDOI,Shahabad,Girdhar,GIRDHARPUR
55934,HARDOI,Shahabad,Gopalpur,ATARJI
55935,HARDOI,Shahabad,Gujidai Pansala,GUJIDEI
55936,HARDOI,Shahabad,Gujidei,GUJIDEI
55937,HARDOI,Shahabad,Gulraha,RAMPUR GULHRIA
55938,HARDOI,Shahabad,Gutka Mau,GUTKA MAU
55939,HARDOI,Shahabad,Gutka Mau Pansala,GUTKA MAU
55940,HARDOI,Shahabad,Haibatpur,RAIGAVAN
55941,HARDOI,Shahabad,Haidarpur,HAIDARPUR
55942,HARDOI,Shahabad,Hajipur,BARI
55943,HARDOI,Shahabad,Hajipur,SALEMPUR
55944,HARDOI,Shahabad,Hannpasigawan,HANNPASIGAWAN
55945,HARDOI,Shahabad,Hardaspur,BARI
55946,HARDOI,Shahabad,Hariharpur,HARIHAPUR
55947,HARDOI,Shahabad,Hariharpur,HARIHARPUR
55948,HARDOI,Shahabad,Harrai,HARRAI   TIGAWAN
55949,HARDOI,Shahabad,Harrai Pipri,NIPANIA
55950,HARDOI,Shahabad,Hasnapur,HASNAPUR
55951,HARDOI,Shahabad,Hasnapur Grant,AHEMI
55952,HARDOI,Shahabad,Hathelia,MITHNAPUR
55953,HARDOI,Shahabad,Hathipur,HATHIPUR   SARAY
55954,HARDOI,Shahabad,Hindu Nagar Chirahula,HINDUNAGAR
55955,HARDOI,Shahabad,Hiroli Kutub Nagar,HIROLI KUTUB NAGAR
55956,HARDOI,Shahabad,Hullapur,HULLAPUR PATURA
55957,HARDOI,Shahabad,Humaunpur,HUMAUNPUR
55958,HARDOI,Shahabad,Hunseypur Lukman,HUNSEYPUR LUKMAN
55959,HARDOI,Shahabad,Husainapur Dhaukal,MIYANPUR
55960,HARDOI,Shahabad,Husainapur Diwani,JALALPUR
55961,HARDOI,Shahabad,Husainpur Karmayan,HUSAIPUR KARMAYAN
55962,HARDOI,Shahabad,Isey Pur,DHIARAI
55963,HARDOI,Shahabad,Ismailpur,AINTHA KHERA
55964,HARDOI,Shahabad,Itara,EITARA
55965,HARDOI,Shahabad,Jahani Khera,BHETHUA
55966,HARDOI,Shahabad,Jajupara,JAJUPARA
55967,HARDOI,Shahabad,Jalalpur,BAHERMA
55968,HARDOI,Shahabad,Jalalpur,HARIHAPUR
55969,HARDOI,Shahabad,Jalalpur,JALALPUR
55970,HARDOI,Shahabad,Jalpapur,JALPAPUR
55971,HARDOI,Shahabad,Jamalpur,JAMALPUR
55972,HARDOI,Shahabad,Jamalpur,JAMALPUR
55973,HARDOI,Shahabad,Jamalpur,KHANIGAWAN KHURD
55974,HARDOI,Shahabad,Jamuhi,JAMUHI
55975,HARDOI,Shahabad,Jamura,JAMURA
55976,HARDOI,Shahabad,Jarauna,JARAUNA
55977,HARDOI,Shahabad,Jasmai Kharona,JASMAI KHARONA
55978,HARDOI,Shahabad,Jasrathpur,JASRATHPUR
55979,HARDOI,Shahabad,Jatpura,JATPURA
55980,HARDOI,Shahabad,Jharsa Alampur,MITHNAPUR
55981,HARDOI,Shahabad,Jharsa Kesari,SAHADT NAGAR
55982,HARDOI,Shahabad,Jhothupur,JHOTHUPUR
55983,HARDOI,Shahabad,Jhuthupur Pansala,JHOTHUPUR
55984,HARDOI,Shahabad,Jogipur,HIROLI KUTUB NAGAR
55985,HARDOI,Shahabad,Jujharpur,GIRDHARPUR
55986,HARDOI,Shahabad,Kachhelia Pansala,KACHHELIYA
55987,HARDOI,Shahabad,Kachheliya,KACHHELIYA
55988,HARDOI,Shahabad,Kachoora,KACHOORA
55989,HARDOI,Shahabad,Kaharkola,KAHARKOLA
55990,HARDOI,Shahabad,Kaimi,KAIMI
55991,HARDOI,Shahabad,Kaimpur,NARSIYA MAU
55992,HARDOI,Shahabad,Kakar Ghata,KAKAR GHATA
55993,HARDOI,Shahabad,Kakrahai,NAGLA KALLU
55994,HARDOI,Shahabad,Kala Gara,KALA GARA
55995,HARDOI,Shahabad,Kalayara Pansala,KALA GARA
55996,HARDOI,Shahabad,Kamalpur,KAMALPUR
55997,HARDOI,Shahabad,Kamalpur,KAMALPUR
55998,HARDOI,Shahabad,Kangoiya,CHATHIA BUZURG
55999,HARDOI,Shahabad,Kanhrapur,LONA  KANHAR PUR
56000,HARDOI,Shahabad,Kankohri,SIKANDARPUR KALLU
56001,HARDOI,Shahabad,Kapoorpur,GAURIA   KAPOOR PUR
56002,HARDOI,Shahabad,Kapoorpur,PIPARIYA
56003,HARDOI,Shahabad,Kapoorpur Bahoran,KAPOORPUR BAHORAN
56004,HARDOI,Shahabad,Kapoorpur Shahzade,PEELA MAHUA
56005,HARDOI,Shahabad,Karaundi,DHAKIA  TIGAWAN
56006,HARDOI,Shahabad,Karawan,KARAWAN
56007,HARDOI,Shahabad,Karim Nagar,KARIM NAGAR
56008,HARDOI,Shahabad,Karmullapur,SHAHABAD DEHAT
56009,HARDOI,Shahabad,Karsua Grant,KARSUA GRANT
56010,HARDOI,Shahabad,Kathma,KATHMA
56011,HARDOI,Shahabad,Kauharia,DAULATIAPUR
56012,HARDOI,Shahabad,Kewalpur,BAIJOOPUR
56013,HARDOI,Shahabad,Khanigawan Kalan,KHANIGAWAN KALAN
56014,HARDOI,Shahabad,Khanigawan Khurd,KHANIGAWAN KHURD
56015,HARDOI,Shahabad,Khanupur,KHANUPUR
56016,HARDOI,Shahabad,Khempur,DATEONAPUR
56017,HARDOI,Shahabad,Kheriya,NARBHA KHERIYA
56018,HARDOI,Shahabad,Khizar Nagar,MAGRAPUR
56019,HARDOI,Shahabad,Khulkipur,UDHRANPUR
56020,HARDOI,Shahabad,Khumaripur,HAIDARPUR
56021,HARDOI,Shahabad,Khwajgipur,HUNSEYPUR LUKMAN
56022,HARDOI,Shahabad,Khwajgipur,KHWAJGIPUR
56023,HARDOI,Shahabad,Kilkili,KILKILI
56024,HARDOI,Shahabad,Kodra Saraiya,KODRA SARAIYA
56025,HARDOI,Shahabad,Koochi Khera,KOOCHI KHERA
56026,HARDOI,Shahabad,Korigawan,KORIGAWAN
56027,HARDOI,Shahabad,Kothila Shraiya,KOTHILA SHRAIYA
56028,HARDOI,Shahabad,Kotra,KOTRA
56029,HARDOI,Shahabad,Kuiyan,KUIYAN
56030,HARDOI,Shahabad,Kuiyan,NEWADA CHATHIYA
56031,HARDOI,Shahabad,Kuiyan,PIRHATTHA
56032,HARDOI,Shahabad,Kulhawar,HINDUNAGAR
56033,HARDOI,Shahabad,Kumharua,SEMRAWAN
56034,HARDOI,Shahabad,Kundi,KURI
56035,HARDOI,Shahabad,Kunwarpur Baghela,KUNWARPUR BAGHELA
56036,HARDOI,Shahabad,Kunwarpur Baseet,KUNWARPUR BASEET
56037,HARDOI,Shahabad,Kunwarpur Prithivi Nath,SHAHPUR SAIDAN
56038,HARDOI,Shahabad,Kurari,KURARI
56039,HARDOI,Shahabad,Kursanda,KURSANDA
56040,HARDOI,Shahabad,Kusuma,KUSUMA
56041,HARDOI,Shahabad,Lakhnaur,LAKHNAUR
56042,HARDOI,Shahabad,Lalpur,LALPUR
56043,HARDOI,Shahabad,Lalpur,POTHWA
56044,HARDOI,Shahabad,Lodhna Khera,CHHATAIYA    LODANAKHERA
56045,HARDOI,Shahabad,Lohar Khera,BAHADUR NAGAR
56046,HARDOI,Shahabad,Lona,LONA  KANHAR PUR
56047,HARDOI,Shahabad,Loni,LONI
56048,HARDOI,Shahabad,Machheta,AMIRTA BADHYIA
56049,HARDOI,Shahabad,Magrapur,MAGRAPUR
56050,HARDOI,Shahabad,Mahamdapur,KHANIGAWAN KHURD
56051,HARDOI,Shahabad,Mahelia Khera,SAREHJOO
56052,HARDOI,Shahabad,mahmood baag,BAZID NAGAR
56053,HARDOI,Shahabad,Mahmoodpur Bhagat,HARIHARPUR
56054,HARDOI,Shahabad,Mahmoodpur Khurd,SARAVAR
56055,HARDOI,Shahabad,Mahmoodpur Saraiyan,MAHMOODPUR SARIYAN
56056,HARDOI,Shahabad,Maikpur,MAIKPUR
56057,HARDOI,Shahabad,Mainpur,SAHADT NAGAR
56058,HARDOI,Shahabad,Mangali Ganj,KAKAR GHATA
56059,HARDOI,Shahabad,Mangiawan,MANGIAWAN
56060,HARDOI,Shahabad,Manglipur,MANGLIPUR
56061,HARDOI,Shahabad,Manikapur,MANIKAPUR
56062,HARDOI,Shahabad,Manikapur Bamiyari,MANIKAPUR BABUHAI
56063,HARDOI,Shahabad,Manjhila,MANJHILA
56064,HARDOI,Shahabad,Mansoor Nagar,MANSOOR NAGAR
56065,HARDOI,Shahabad,Masfana,MASAFANA
56066,HARDOI,Shahabad,Milkia,ANJHI
56067,HARDOI,Shahabad,Mirpur Gannu,DARYAPUR BIKKU
56068,HARDOI,Shahabad,Mishripur,MISHRIPUR
56069,HARDOI,Shahabad,Mithnapur,MITHNAPUR
56070,HARDOI,Shahabad,Miyanpur,MIYANPUR
56071,HARDOI,Shahabad,Mohauddinpur,KAMALPUR
56072,HARDOI,Shahabad,Mooseypur,DARRA BHUKHARPUR
56073,HARDOI,Shahabad,Mundramau,MUNDRAMAU
56074,HARDOI,Shahabad,Muridpur,ANDA IBARAHIMPUR
56075,HARDOI,Shahabad,Murtaza Nagar,MURTAZA NAGAR
56076,HARDOI,Shahabad,Nabipur,NABIPUR
56077,HARDOI,Shahabad,Naga Mau,ASALAPUR
56078,HARDOI,Shahabad,Naga Mau Pansala,ASALAPUR
56079,HARDOI,Shahabad,Nagaria,NAGARIA
56080,HARDOI,Shahabad,Nagla Bhag,KACHOORA
56081,HARDOI,Shahabad,Nagla Bhagwan,NAGLA BHAGAWAN
56082,HARDOI,Shahabad,Nagla Ganesh,NAGLA GANESH
56083,HARDOI,Shahabad,Nagla Husain,NAGLA HUSAIN
56084,HARDOI,Shahabad,Nagla Kallu,NAGLA KALLU
56085,HARDOI,Shahabad,Nagla Khanpur,NAGLA KHANPUR
56086,HARDOI,Shahabad,Nagla Lothu,NAGLA LOTHU
56087,HARDOI,Shahabad,Nagla Nanhoo,HUMAUNPUR
56088,HARDOI,Shahabad,Naibasti,NAIBASTI
56089,HARDOI,Shahabad,Narbha,NARBHA
56090,HARDOI,Shahabad,Nardhira,NARDHIRA
56091,HARDOI,Shahabad,Narhai,NARHAI
56092,HARDOI,Shahabad,Nari Khera,NARI KHERA
56093,HARDOI,Shahabad,Narsiya Mau,NARSIYA MAU
56094,HARDOI,Shahabad,Nasa,PIPARIYA
56095,HARDOI,Shahabad,Nasauli Damar,NASAULI DAMAR
56096,HARDOI,Shahabad,Nasauligopaa Pansala,NASAULI GOPAL
56097,HARDOI,Shahabad,Nasauli Gopal,NASAULI GOPAL
56098,HARDOI,Shahabad,Naseerpur,GARHEYPUR
56099,HARDOI,Shahabad,Nau Nagla,SHAHPUR  NAU
56100,HARDOI,Shahabad,Naurozpur,NAGLA KALLU
56101,HARDOI,Shahabad,Naya Gaon,JAMALPUR
56102,HARDOI,Shahabad,Naya Gaon,MISHRIPUR
56103,HARDOI,Shahabad,Nedura,NEDURA
56104,HARDOI,Shahabad,Nevada Satan,POTHWA
56105,HARDOI,Shahabad,Newada,BASIT NAGAR
56106,HARDOI,Shahabad,Newada,NARI KHERA
56107,HARDOI,Shahabad,Newada Chathiya,NEWADA CHATHIYA
56108,HARDOI,Shahabad,Nipania,NIPANIA
56109,HARDOI,Shahabad,Nizampur,AINTHA KHERA
56110,HARDOI,Shahabad,Pachdeora,PACHDEORA
56111,HARDOI,Shahabad,Pachtaur,SAHADT NAGAR
56112,HARDOI,Shahabad,Padra,SIMAUR
56113,HARDOI,Shahabad,Paharpur,PARELI
56114,HARDOI,Shahabad,Paharpur,SALEMPUR
56115,HARDOI,Shahabad,Pakra,NAIBASTI
56116,HARDOI,Shahabad,Palia Deo Salempur,PALIA DEO SALEMPUR
56117,HARDOI,Shahabad,Palia Kot,PALIA KOT
56118,HARDOI,Shahabad,Palthua,KHANIGAWAN KHURD
56119,HARDOI,Shahabad,Pandarwa,PANDARWA KILA
56120,HARDOI,Shahabad,Paneora Ballia,PANEORA BALLIA
56121,HARDOI,Shahabad,Para,ARUPARA
56122,HARDOI,Shahabad,Para,PARA
56123,HARDOI,Shahabad,Pareli,PARELI
56124,HARDOI,Shahabad,Parial,PARIAL
56125,HARDOI,Shahabad,Pariyal Pansala,PARIAL
56126,HARDOI,Shahabad,Parsai,PARSAI
56127,HARDOI,Shahabad,Pasigavan,PASINGAVAN
56128,HARDOI,Shahabad,Pataun Misra,CHATHIA BUZURG
56129,HARDOI,Shahabad,Pateora,HULLAPUR PATURA
56130,HARDOI,Shahabad,Patras,PATRAS
56131,HARDOI,Shahabad,Pedhwan,PEDWAN
56132,HARDOI,Shahabad,Peera Mahua,PEELA MAHUA
56133,HARDOI,Shahabad,Peerpur,PEERPUR
56134,HARDOI,Shahabad,Perhatha,PIRHATTHA
56135,HARDOI,Shahabad,Pherwa,KILKILI
56136,HARDOI,Shahabad,pihani dehat,CHHATAIYA    LODANAKHERA
56137,HARDOI,Shahabad,Pilapur,TIUR CHOUGWAN
56138,HARDOI,Shahabad,Piparia Purwa Pansala,PURWA PIPARIYA
56139,HARDOI,Shahabad,Pipariya,PIPARIYA
56140,HARDOI,Shahabad,Pipri,MANIKAPUR
56141,HARDOI,Shahabad,Piprola,PARELI
56142,HARDOI,Shahabad,Pistia,PISTIA
56143,HARDOI,Shahabad,Pothwa,POTHWA
56144,HARDOI,Shahabad,Puraila,MANSOOR NAGAR
56145,HARDOI,Shahabad,Puranpur,PURWA PIPARIYA
56146,HARDOI,Shahabad,Purwa Pipariya,PURWA PIPARIYA
56147,HARDOI,Shahabad,Rabha,RABHA
56148,HARDOI,Shahabad,Rahi,BARI
56149,HARDOI,Shahabad,Raigain,RAIGAIN
56150,HARDOI,Shahabad,Raigavan,RAIGAVAN
56151,HARDOI,Shahabad,Raipur,RAMPUR GULHRIA
56152,HARDOI,Shahabad,Raipur,SALEMPUR  RAI
56153,HARDOI,Shahabad,Rajuapur,RAJUAPUR
56154,HARDOI,Shahabad,Rampur Hamza,RAMPUR HAMZA
56155,HARDOI,Shahabad,Rampur Hirdai,RAMPUR HIRDAI
56156,HARDOI,Shahabad,Rampur Kora,RAMPUR KORA
56157,HARDOI,Shahabad,Randhirpur,KHWAJGIPUR
56158,HARDOI,Shahabad,Rari,RARI
56159,HARDOI,Shahabad,Rasoolapur,SHANKARPUR
56160,HARDOI,Shahabad,Rasoolpur,FAIZULLAPUR
56161,HARDOI,Shahabad,Rasoolpur,RASOOLPUR
56162,HARDOI,Shahabad,Rasoolpur,TAVAKKALPUR
56163,HARDOI,Shahabad,Ratanpur,ANJHI
56164,HARDOI,Shahabad,Rebha Muradpur,REBHA MURADPUR
56165,HARDOI,Shahabad,Reori,DIGHIA
56166,HARDOI,Shahabad,Rupapur,JASRATHPUR
56167,HARDOI,Shahabad,Saadat Nagar,SAHADT NAGAR
56168,HARDOI,Shahabad,Saadat Nagar,SAHADT NAGAR
56169,HARDOI,Shahabad,Saharua,SAHARUA
56170,HARDOI,Shahabad,Sahijana,SAHIJANA
56171,HARDOI,Shahabad,Sahora,BIJGAWAN
56172,HARDOI,Shahabad,Sahora,SAHORA
56173,HARDOI,Shahabad,Sahsoga,LAKHNAUR
56174,HARDOI,Shahabad,Saidapur,HARIHARPUR
56175,HARDOI,Shahabad,Saidpur,SAIDPUR
56176,HARDOI,Shahabad,Sakara,SAKRA
56177,HARDOI,Shahabad,Sakrauli,SAKRAULI
56178,HARDOI,Shahabad,Sakrauli Pansala,SAKRAULI
56179,HARDOI,Shahabad,Salempur,SALEMPUR
56180,HARDOI,Shahabad,Salempur,SALEMPUR  RAI
56181,HARDOI,Shahabad,Samthari,SAMTHARI
56182,HARDOI,Shahabad,Santarha,KARIM NAGAR
56183,HARDOI,Shahabad,Santarha,SANTARAHA
56184,HARDOI,Shahabad,Sarai Kamaluddinpur,DAULATIAPUR
56185,HARDOI,Shahabad,Sarai Pengu,HATHIPUR   SARAY
56186,HARDOI,Shahabad,Sarai Ranak,SARAI RANAK
56187,HARDOI,Shahabad,Saravar,SARAVAR
56188,HARDOI,Shahabad,Sardar Nagar,AGAPUR  SARDAR
56189,HARDOI,Shahabad,Sarehjoo,SAREHJOO
56190,HARDOI,Shahabad,Sarora,AMIRTA BADHYIA
56191,HARDOI,Shahabad,Semrawan,SEMRAWAN
56192,HARDOI,Shahabad,Setha,SAIDHA
56193,HARDOI,Shahabad,Shahabad Dehat,SHAHABAD DEHAT
56194,HARDOI,Shahabad,Shahpur,SHAHPUR  NAU
56195,HARDOI,Shahabad,Shahpur Saida,SHAHPUR SAIDAN
56196,HARDOI,Shahabad,Shahpur Shukul,SHAHPUR SHUKUL
56197,HARDOI,Shahabad,Shanarpur Pansala,SHANKARPUR
56198,HARDOI,Shahabad,Shankarpur,SHANKARPUR
56199,HARDOI,Shahabad,Sharah,ASGARPUR
56200,HARDOI,Shahabad,Sharma,SHARMA  FATTYPUR
56201,HARDOI,Shahabad,Shekhapur,TIUR CHOUGWAN
56202,HARDOI,Shahabad,Shiroman Nagar,SHIROMAN NAGAR
56203,HARDOI,Shahabad,Sidhauli,ABDULLAPUR
56204,HARDOI,Shahabad,Sikandarpur Bazar,SIKANDARPUR BAZAR
56205,HARDOI,Shahabad,Sikandarpur Kallu,SIKANDARPUR KALLU
56206,HARDOI,Shahabad,Sikandarpur Narkatra,SIKANDARPUR NARKATRA
56207,HARDOI,Shahabad,Simaur,SIMAUR
56208,HARDOI,Shahabad,Sindauriya,SINDAURIYA
56209,HARDOI,Shahabad,Singoha,SINGOHA
56210,HARDOI,Shahabad,Singulapur,SINGULAPUR
56211,HARDOI,Shahabad,Singulapur Pansala,SINGULAPUR
56212,HARDOI,Shahabad,Sujauli,AMIRTA BADHYIA
56213,HARDOI,Shahabad,Sultanpur,SULTANPUR  KHERIYA
56214,HARDOI,Shahabad,Surajpur Pansala,SINGULAPUR
56215,HARDOI,Shahabad,Surapur,SINGULAPUR
56216,HARDOI,Shahabad,Surjipur,SURJIPUR
56217,HARDOI,Shahabad,Tader,TADER
56218,HARDOI,Shahabad,Tara Gaon,TARA GAON
56219,HARDOI,Shahabad,Tavakkalpur,TAVAKKALPUR
56220,HARDOI,Shahabad,Teor,TIUR CHOUGWAN
56221,HARDOI,Shahabad,Terhwa Caturpur,TUMURKI
56222,HARDOI,Shahabad,Thhehapur,THEHAPUR
56223,HARDOI,Shahabad,Todarpur,TODARPUR
56224,HARDOI,Shahabad,Tumurki,TUMURKI
56225,HARDOI,Shahabad,Ubri Khera,UBRI KHERA
56226,HARDOI,Shahabad,Uchaul,UCHAUL  TIGAWAN
56227,HARDOI,Shahabad,Udaipur,CHAKRACHHA
56228,HARDOI,Shahabad,Udhranpur,UDHRANPUR
56229,HARDOI,Shahabad,Ulnapur,PALIA KOT
56230,HARDOI,Shahabad,Umaria Kalan,KHETAULI   DUGAWAN
56231,HARDOI,Shahabad,Umariya Dhani,KALA GARA
56232,HARDOI,Shahabad,Umariya Dhani Pansala,KALA GARA
56233,HARDOI,Shahabad,Umarsenda,UMARSENDA
56234,HARDOI,Shahabad,Umrauli,UMRAULI
56235,HARDOI,Shahabad,Urdahiya,DAHELIA
56236,HARDOI,Shahabad,Urli,ANTORA
56237,HARDOI,Shahabad,Usmanpur,USMANPUR
