State Name,State Code,District Name,District_Code,Block_Name,Block_Code,GP Name,GP Code,Latitude,Longitude, Location OF GP,Phase,throughput
MAHARASHTRA, 27, NANDED, 511, ARDHAPUR, 4457, AMBEGAON, 182615, 19.258172, 77.465701, AMBEGAON, 1,2,
MAHARASHTRA, 27, NANDED, 511, ARDHAPUR, 4457, AMRABAD, 182616, 19.246941, 77.420643, AMRABAD, 1,2,
MAHARASHTRA, 27, NANDED, 511, ARDHAPUR, 4457, AMRABAD TANDA, 182617, 19.238463, 77.419454, AMRABAD TANDA, 1,2,
MAHARASHTRA, 27, NANDED, 511, ARDHAPUR, 4457, BAMNI, 182619, 19.244202, 77.341834, BAMNI, 1,2,
MAHARASHTRA, 27, NANDED, 511, ARDHAPUR, 4457, BARASGAON, 182620, 19.242957, 77.401851, BARASGAON, 1,2,
MAHARASHTRA, 27, NANDED, 511, ARDHAPUR, 4457, BELSAR, 182621, 19.261137, 77.408942, BELSAR, 1,2,
MAHARASHTRA, 27, NANDED, 511, ARDHAPUR, 4457, BHOGAON, 182622, 19.344873, 77.318852, BHOGAON, 1,2,
MAHARASHTRA, 27, NANDED, 511, ARDHAPUR, 4457, CHENAPUR, 182623, 19.278589, 77.484993, CHENAPUR, 1,2,
MAHARASHTRA, 27, NANDED, 511, ARDHAPUR, 4457, DABHAD, 182624, 19.236197, 77.354884, DABHAD, 1,2,
MAHARASHTRA, 27, NANDED, 511, ARDHAPUR, 4457, DEGAON (BK), 182625, 19.198451, 77.379002, DEGAON (BK), 1,2,
MAHARASHTRA, 27, NANDED, 511, ARDHAPUR, 4457, DEGAON (K), 182626, 19.28286, 77.260864, DEGAON (K), 1,2,
MAHARASHTRA, 27, NANDED, 511, ARDHAPUR, 4457, DELUB (KD), 182628, 19.333529, 77.320597, DELUB (KD), 1,2,
MAHARASHTRA, 27, NANDED, 511, ARDHAPUR, 4457, DELUB(BK), 182627, 19.328273, 77.347642, DELUB(BK), 1,2,
MAHARASHTRA, 27, NANDED, 511, ARDHAPUR, 4457, DHAMDARI, 182629, 19.307752, 77.257621, DHAMDARI, 1,2,
MAHARASHTRA, 27, NANDED, 511, ARDHAPUR, 4457, DIGRAS, 182630, 19.202061, 77.355462, DIGRAS, 1,2,
MAHARASHTRA, 27, NANDED, 511, ARDHAPUR, 4457, DOUR, 182631, 19.277331, 77.268172, DOUR, 1,2,
MAHARASHTRA, 27, NANDED, 511, ARDHAPUR, 4457, GANPUR, 182632, 19.29052, 77.321733, GANPUR, 1,2,
MAHARASHTRA, 27, NANDED, 511, ARDHAPUR, 4457, JAMBHURUN, 182633, 19.254007, 77.375422, JAMBHURUN, 1,2,
MAHARASHTRA, 27, NANDED, 511, ARDHAPUR, 4457, KAMTHA (BK), 182634, 19.281861, 77.31272, KAMTHA (BK), 1,2,
MAHARASHTRA, 27, NANDED, 511, ARDHAPUR, 4457, KHAIRGAON (BK), 182635, 19.217661, 77.431705, KHAIRGAON (BK), 1,2,
MAHARASHTRA, 27, NANDED, 511, ARDHAPUR, 4457, KONDHA, 182636, 19.306755, 77.328461, KONDHA, 1,2,
MAHARASHTRA, 27, NANDED, 511, ARDHAPUR, 4457, LAHAN, 182637, 19.282427, 77.459482, LAHAN, 1,2,
MAHARASHTRA, 27, NANDED, 511, ARDHAPUR, 4457, LONI (BK), 182638, 19.276761, 77.417462, LONI (BK), 1,2,
MAHARASHTRA, 27, NANDED, 511, ARDHAPUR, 4457, LONI (KD), 182639, 19.274601, 77.416705, LONI (KD), 1,2,
MAHARASHTRA, 27, NANDED, 511, ARDHAPUR, 4457, MALEGAON, 182640, 19.299902, 77.269543, MALEGAON, 1,2,
MAHARASHTRA, 27, NANDED, 511, ARDHAPUR, 4457, MENDHLA (BK), 182641, 19.260384, 77.332785, MENDHLA (BK), 1,2,
MAHARASHTRA, 27, NANDED, 511, ARDHAPUR, 4457, MENDHLA (KD), 182642, 19.264676, 77.339067, MENDHLA (KD), 1,2,
MAHARASHTRA, 27, NANDED, 511, ARDHAPUR, 4457, PANGRI, 182643, 19.300902, 77.419703, PANGRI, 1,2,
MAHARASHTRA, 27, NANDED, 511, ARDHAPUR, 4457, PARDI (M), 182644, 19.32576, 77.38478, PARDI (M), 1,2,
MAHARASHTRA, 27, NANDED, 511, ARDHAPUR, 4457, PATNOOR, 182645, 19.270153, 77.518807, PATNOOR, 1,2,
MAHARASHTRA, 27, NANDED, 511, ARDHAPUR, 4457, PIMPALGAON (M), 182646, 19.20902, 77.336251, PIMPALGAON (M), 1,2,
MAHARASHTRA, 27, NANDED, 511, ARDHAPUR, 4457, SANGVI (KD), 182647, 19.274801, 77.338332, SANGVI (KD), 1,2,
MAHARASHTRA, 27, NANDED, 511, ARDHAPUR, 4457, SAWARGAON, 182648, 19.303612, 77.313024, SAWARGAON, 1,2,
MAHARASHTRA, 27, NANDED, 511, ARDHAPUR, 4457, SHAHAPUR, 182649, 19.269334, 77.410462, SHAHAPUR, 1,2,
MAHARASHTRA, 27, NANDED, 511, ARDHAPUR, 4457, SHELGAON (BK), 182650, 19.22911, 77.326701, SHELGAON (BK), 1,2,
MAHARASHTRA, 27, NANDED, 511, ARDHAPUR, 4457, SHELGAON (KD), 182651, 19.22911, 77.326701, SHELGAON (KD), 1,2,
MAHARASHTRA, 27, NANDED, 511, ARDHAPUR, 4457, SHENI, 182652, 19.315033, 77.362052, SHENI, 1,2,
MAHARASHTRA, 27, NANDED, 511, ARDHAPUR, 4457, UMARI, 182653, 19.32199, 77.292111, UMARI, 1,2,
MAHARASHTRA, 27, NANDED, 511, ARDHAPUR, 4457, YELEGAON, 182654, 19.220535, 77.384604, YELEGAON, 1,2,
MAHARASHTRA, 27, NANDED, 511, DHARMABAD, 4461, ALOOR, 182885, 18.843889, 77.868611, Aloor GP, 1,2,
MAHARASHTRA, 27, NANDED, 511, DHARMABAD, 4461, ATALA, 182886, 18.916944, 77.681667, ATALA GP, 1,2,
MAHARASHTRA, 27, NANDED, 511, DHARMABAD, 4461, ATKUR, 182887, 18.903056, 77.816861, ATKUR GP, 1,2,
MAHARASHTRA, 27, NANDED, 511, DHARMABAD, 4461, BABLI (DH), 182888, 18.870833, 77.803333, Babhali GP, 1,2,
MAHARASHTRA, 27, NANDED, 511, DHARMABAD, 4461, BABULGAON, 182889, 18.959722, 77.771667, Babulgaon GP, 1,2,
MAHARASHTRA, 27, NANDED, 511, DHARMABAD, 4461, BACHEGAON, 182890, 18.020278, 77.72, Bachegaon GP, 1,2,
MAHARASHTRA, 27, NANDED, 511, DHARMABAD, 4461, BAMNI THADI, 182891, 18.835556, 77.835, Banmni Thadi GP, 1,2,
MAHARASHTRA, 27, NANDED, 511, DHARMABAD, 4461, BANNALLI, 182892, 18.939444, 77.839722, BANNALI GP, 1,2,
MAHARASHTRA, 27, NANDED, 511, DHARMABAD, 4461, BELGUJARI, 182893, 18.931667, 77.707222, Belgujri GP, 1,2,
MAHARASHTRA, 27, NANDED, 511, DHARMABAD, 4461, BELLUR (BK), 182894, 18.837222, 77.879722, Bellur BK GP, 1,2,
MAHARASHTRA, 27, NANDED, 511, DHARMABAD, 4461, BELLUR (KH), 182895, 18.844722, 77.908611, Bellur KH GP, 1,2,
MAHARASHTRA, 27, NANDED, 511, DHARMABAD, 4461, CHIKNA, 182896, 18.929167, 77.758889, Chikana GP, 1,2,
MAHARASHTRA, 27, NANDED, 511, DHARMABAD, 4461, CHINCHOLI, 182897, 18.845556, 77.895556, Chincholi GP, 1,2,
MAHARASHTRA, 27, NANDED, 511, DHARMABAD, 4461, CHOLAKHA, 182898, 18.908889, 77.715556, cholaka GP, 1,2,
MAHARASHTRA, 27, NANDED, 511, DHARMABAD, 4461, CHONDI, 182899, 18.884167, 77.725, CHONDI GP, 1,2,
MAHARASHTRA, 27, NANDED, 511, DHARMABAD, 4461, DHANORA (KH), 182900, 18.934722, 77.738611, Dhanora KH GP, 1,2,
MAHARASHTRA, 27, NANDED, 511, DHARMABAD, 4461, DIGRAS, 182901, 18.892501, 77.733056, Digras GP, 1,2,
MAHARASHTRA, 27, NANDED, 511, DHARMABAD, 4461, HASNALI, 182902, 18.972222, 77.775556, HASNALI GP, 1,2,
MAHARASHTRA, 27, NANDED, 511, DHARMABAD, 4461, ILEGAON THADI, 182925, 18.845178, 77.827361, ILegaon GP, 1,2,
MAHARASHTRA, 27, NANDED, 511, DHARMABAD, 4461, JARIKOT, 182903, 18.894444, 77.732222, Jarikot GP, 1,2,
MAHARASHTRA, 27, NANDED, 511, DHARMABAD, 4461, JUNNI, 182904, 18.990833, 77.758056, Junni GP, 1,2,
MAHARASHTRA, 27, NANDED, 511, DHARMABAD, 4461, KAREGAON, 182905, 18.933611, 77.689722, KAREGAON GP, 1,2,
MAHARASHTRA, 27, NANDED, 511, DHARMABAD, 4461, KERKHELI, 182906, 18.966389, 77.744444, KARKHELI GP, 1,2,
MAHARASHTRA, 27, NANDED, 511, DHARMABAD, 4461, MANGNALI, 182907, 18.904444, 77.804722, Mangnali, 1,2,
MAHARASHTRA, 27, NANDED, 511, DHARMABAD, 4461, MANUR (TS), 182908, 18.8275, 77.839722, Manur GP, 1,2,
MAHARASHTRA, 27, NANDED, 511, DHARMABAD, 4461, MASHTI, 182909, 18.850656, 77.787858, Mashti GP, 1,2,
MAHARASHTRA, 27, NANDED, 511, DHARMABAD, 4461, MOKLI (THADI), 182910, 18.839722, 77.812222, Mokali GP, 1,2,
MAHARASHTRA, 27, NANDED, 511, DHARMABAD, 4461, NAIGAON (D), 182911, 18.849167, 77.92, Naigaon (D), 1,2,
MAHARASHTRA, 27, NANDED, 511, DHARMABAD, 4461, PANGRI, 182912, 18.993056, 77.7425, Pangri GP, 1,2,
MAHARASHTRA, 27, NANDED, 511, DHARMABAD, 4461, PATODA (BK), 182913, 18.895001, 77.782501, Patoda BK GP, 1,2,
MAHARASHTRA, 27, NANDED, 511, DHARMABAD, 4461, PATODA (KH), 182914, 18.876944, 77.782597, Patoda KH GP, 1,2,
MAHARASHTRA, 27, NANDED, 511, DHARMABAD, 4461, PATODA (THADI), 182915, 18.845231, 77.773217, PATODA THADI GP, 1,2,
MAHARASHTRA, 27, NANDED, 511, DHARMABAD, 4461, PIMPALGAON (D), 182916, 18.946667, 77.695556, PIMPALGAON (D)GP, 1,2,
MAHARASHTRA, 27, NANDED, 511, DHARMABAD, 4461, RAJAPUR, 182917, 19.016167, 77.751519, Rajapur GP, 1,2,
MAHARASHTRA, 27, NANDED, 511, DHARMABAD, 4461, ROSHANGAON, 182918, 18.875622, 77.755308, ROSHANGAON, 1,2,
MAHARASHTRA, 27, NANDED, 511, DHARMABAD, 4461, SAIKHED, 182919, 18.857778, 77.735833, SAIKHED GP, 1,2,
MAHARASHTRA, 27, NANDED, 511, DHARMABAD, 4461, SALEGAON (D), 182920, 18.969722, 77.697778, SALEGAON(D), 1,2,
MAHARASHTRA, 27, NANDED, 511, DHARMABAD, 4461, SAMRALA, 182921, 18.924444, 77.791389, SAMARALA GP, 1,2,
MAHARASHTRA, 27, NANDED, 511, DHARMABAD, 4461, SANGAM, 182922, 18.826311, 77.842178, Snagam GP, 1,2,
MAHARASHTRA, 27, NANDED, 511, DHARMABAD, 4461, SHELGAON (THADI), 182923, 18.841111, 77.791944, shelgaon GP, 1,2,
MAHARASHTRA, 27, NANDED, 511, DHARMABAD, 4461, SIRAJKHOD, 182924, 18.850278, 77.857778, sirajkhed GP, 1,2,
MAHARASHTRA, 27, NANDED, 511, DHARMABAD, 4461, YELEGAON (DH), 182926, 18.947297, 77.732261, Yellegaon (D), 1,2,
MAHARASHTRA, 27, NANDED, 511, DHARMABAD, 4461, YELLAPUR, 182927, 18.929722, 77.676811, YELLAPUR GP, 1,2,
MAHARASHTRA, 27, NANDED, 511, DHARMABAD, 4461, YEOTI, 182928, 18.965833, 77.803611, YEOTI GP, 1,2,
MAHARASHTRA, 27, NANDED, 511, DHARMABAD, 4461, YETALA, 182929, 18.941111, 77.795833, YETALA GP, 1,2,
MAHARASHTRA, 27, NANDED, 511, KANDHAR, 4464, ALEGAON, 183107, 18.923056, 77.296389, Alegaon GP, 1,2,
MAHARASHTRA, 27, NANDED, 511, KANDHAR, 4464, AMBULGA, 183108, 18.812517, 77.238867, Ambulga, 1,2,
MAHARASHTRA, 27, NANDED, 511, KANDHAR, 4464, AURAL, 183109, 18.874167, 77.324444, Aural GP, 1,2,
MAHARASHTRA, 27, NANDED, 511, KANDHAR, 4464, BABHULGAON, 183110, 18.865278, 77.120556, Bhabulgaon, 1,2,
MAHARASHTRA, 27, NANDED, 511, KANDHAR, 4464, BACHOTI, 183111, 18.866333, 77.251655, Bachoti GP, 1,2,
MAHARASHTRA, 27, NANDED, 511, KANDHAR, 4464, BALANTWADI, 183112, 18.863356, 77.165756, Balantwadi, 1,2,
MAHARASHTRA, 27, NANDED, 511, KANDHAR, 4464, BAMNI (PK), 183113, 18.900001, 77.276944, Bamni Pk, 1,2,
MAHARASHTRA, 27, NANDED, 511, KANDHAR, 4464, BARUL, 183114, 18.849867, 77.325383, Barul GP, 1,2,
MAHARASHTRA, 27, NANDED, 511, KANDHAR, 4464, BHADARPURA, 183115, 18.867083, 77.202333, Bhadarpura, 1,2,
MAHARASHTRA, 27, NANDED, 511, KANDHAR, 4464, BHANDARKUTHYACHIWADI, 183116, 18.920556, 77.268889, Bhukamari GP, 1,2,
MAHARASHTRA, 27, NANDED, 511, KANDHAR, 4464, BHENDEWADI, 183117, 18.709696, 77.175514, Bhendewadi GP, 1,2,
MAHARASHTRA, 27, NANDED, 511, KANDHAR, 4464, BHOJUCHIWADI, 183118, 18.774444, 77.228056, Bhojuchiwadi GP, 1,2,
MAHARASHTRA, 27, NANDED, 511, KANDHAR, 4464, BHUKMARI, 183119, 18.908251, 77.411148, Bhukmari GP, 1,2,
MAHARASHTRA, 27, NANDED, 511, KANDHAR, 4464, BHUTYACHIWADI, 183120, 18.940556, 77.300833, Bhutyachiwadi GP, 1,2,
MAHARASHTRA, 27, NANDED, 511, KANDHAR, 4464, BIJEWADI, 183121, 18.85325, 77.19265, Bijewadi, 1,2,
MAHARASHTRA, 27, NANDED, 511, KANDHAR, 4464, BOLKA, 183122, 18.708151, 77.099617, Bolka GP, 1,2,
MAHARASHTRA, 27, NANDED, 511, KANDHAR, 4464, BORI (BK), 183123, 18.832133, 77.277201, Bori (BK), 1,2,
MAHARASHTRA, 27, NANDED, 511, KANDHAR, 4464, BORI (KH), 183124, 18.836389, 77.113333, Bori (KH), 1,2,
MAHARASHTRA, 27, NANDED, 511, KANDHAR, 4464, CHIKHALBHOSI, 183126, 18.933889, 77.203056, Chikal Bhosi GP, 1,2,
MAHARASHTRA, 27, NANDED, 511, KANDHAR, 4464, CHIKHALI, 183125, 18.893611, 77.341111, Chikali GP, 1,2,
MAHARASHTRA, 27, NANDED, 511, KANDHAR, 4464, CHINCHOLI (PK), 183127, 18.870201, 77.280501, Chincholi PK, 1,2,
MAHARASHTRA, 27, NANDED, 511, KANDHAR, 4464, CHOWKI DHARMAPURI, 183128, 18.849217, 77.295167, Chowki Dharmapuri, 1,2,
MAHARASHTRA, 27, NANDED, 511, KANDHAR, 4464, CHOWKI MAHAKAYA, 183129, 18.806389, 77.390278, Chowki Mahakaya, 1,2,
MAHARASHTRA, 27, NANDED, 511, KANDHAR, 4464, DAHIKALAMBA, 183130, 18.931111, 77.350001, Dhaikalamba GP, 1,2,
MAHARASHTRA, 27, NANDED, 511, KANDHAR, 4464, DAITHNA, 183131, 18.763056, 77.163333, Dhaitana, 1,2,
MAHARASHTRA, 27, NANDED, 511, KANDHAR, 4464, DATALA, 183132, 18.924167, 77.320556, Datala GP, 1,2,
MAHARASHTRA, 27, NANDED, 511, KANDHAR, 4464, DEOYACHIWADI, 183133, 18.764783, 77.288983, Deoyachiwadi GP, 1,2,
MAHARASHTRA, 27, NANDED, 511, KANDHAR, 4464, DHANORA KAUTHA, 183134, 18.825833, 77.391389, Dhanora Kautha GP, 1,2,
MAHARASHTRA, 27, NANDED, 511, KANDHAR, 4464, DIGRAS (BK), 183136, 18.712001, 77.200167, Digras BK GP, 1,2,
MAHARASHTRA, 27, NANDED, 511, KANDHAR, 4464, DIGRAS (KH), 183137, 18.733194, 77.223889, Digras KD GP, 1,2,
MAHARASHTRA, 27, NANDED, 511, KANDHAR, 4464, GANDHINAGAR, 183138, 18.752601, 77.234801, Gandhinagar, 1,2,
MAHARASHTRA, 27, NANDED, 511, KANDHAR, 4464, GANGANBID, 183139, 18.867201, 77.136767, Ganganbid, 1,2,
MAHARASHTRA, 27, NANDED, 511, KANDHAR, 4464, GAUL, 183140, 18.794751, 77.225817, Gaul GP, 1,2,
MAHARASHTRA, 27, NANDED, 511, KANDHAR, 4464, GHAGARDARA, 183141, 18.763056, 77.206389, Ghagardara, 1,2,
MAHARASHTRA, 27, NANDED, 511, KANDHAR, 4464, GHODAJ, 183142, 18.858717, 77.155083, Ghodaj GP, 1,2,
MAHARASHTRA, 27, NANDED, 511, KANDHAR, 4464, GHUBADWADI, 183143, 18.724988, 77.244359, Gubadwadi GP, 1,2,
MAHARASHTRA, 27, NANDED, 511, KANDHAR, 4464, GOGDARI, 183144, 18.876944, 77.244167, Gogdhari GP, 1,2,
MAHARASHTRA, 27, NANDED, 511, KANDHAR, 4464, GONAR, 183145, 18.781389, 77.361111, Gonar GP, 1,2,
MAHARASHTRA, 27, NANDED, 511, KANDHAR, 4464, GULAB WADI, 183146, 18.894167, 77.170278, Gulabwadi GP, 1,2,
MAHARASHTRA, 27, NANDED, 511, KANDHAR, 4464, GUNDA, 183147, 18.918333, 77.358333, Gunda GP, 1,2,
MAHARASHTRA, 27, NANDED, 511, KANDHAR, 4464, GUNTUR, 183148, 18.707631, 77.232431, Guntur GP, 1,2,
MAHARASHTRA, 27, NANDED, 511, KANDHAR, 4464, GUTTEWADI, 183149, 18.774444, 77.169444, Guttewadi GP, 1,2,
MAHARASHTRA, 27, NANDED, 511, KANDHAR, 4464, HADOLI (BR), 183150, 18.72, 77.152778, Hadoli BR GP, 1,2,
MAHARASHTRA, 27, NANDED, 511, KANDHAR, 4464, HALDA, 183151, 18.89, 77.376667, Halda GP, 1,2,
MAHARASHTRA, 27, NANDED, 511, KANDHAR, 4464, HANMANTWADI, 183152, 18.776389, 77.077222, Hanmantwadi GP, 1,2,
MAHARASHTRA, 27, NANDED, 511, KANDHAR, 4464, HARBAL (PK), 183153, 18.767222, 77.219167, Harbal PK GP, 1,2,
MAHARASHTRA, 27, NANDED, 511, KANDHAR, 4464, HASUL, 183154, 18.697167, 77.052433, Hasul GP, 1,2,
MAHARASHTRA, 27, NANDED, 511, KANDHAR, 4464, HATKAYAL, 183155, 18.719833, 77.090167, Hatkyal GP, 1,2,
MAHARASHTRA, 27, NANDED, 511, KANDHAR, 4464, HIPPERGA SHAHA, 183156, 18.725483, 77.134667, Hiparga SH GP, 1,2,
MAHARASHTRA, 27, NANDED, 511, KANDHAR, 4464, IMAMWADI, 183157, 18.895556, 77.185278, Immamwadi, 1,2,
MAHARASHTRA, 27, NANDED, 511, KANDHAR, 4464, JAKAPUR, 183158, 18.797501, 77.366111, Jakapur GP, 1,2,
MAHARASHTRA, 27, NANDED, 511, KANDHAR, 4464, JANGAMWADI, 183159, 18.854901, 77.219751, Jangamwadi, 1,2,
MAHARASHTRA, 27, NANDED, 511, KANDHAR, 4464, KALHALI, 183160, 18.761967, 77.298101, Kalhali, 1,2,
MAHARASHTRA, 27, NANDED, 511, KANDHAR, 4464, KALKA, 183161, 18.748889, 77.288889, Kalka, 1,2,
MAHARASHTRA, 27, NANDED, 511, KANDHAR, 4464, KANDHAREWADI, 183162, 18.825556, 77.204722, Kandharewadi GP, 1,2,
MAHARASHTRA, 27, NANDED, 511, KANDHAR, 4464, KARTALA, 183163, 18.70459, 77.062369, Kartala GP, 1,2,
MAHARASHTRA, 27, NANDED, 511, KANDHAR, 4464, KATKALAMBA, 183164, 18.855556, 77.365001, Katkalamba, 1,2,
MAHARASHTRA, 27, NANDED, 511, KANDHAR, 4464, KAUTHA, 183165, 18.811944, 77.372222, Kautha GP, 1,2,
MAHARASHTRA, 27, NANDED, 511, KANDHAR, 4464, KHANDGAON, 183166, 18.759722, 77.360833, Khandgaon GP, 1,2,
MAHARASHTRA, 27, NANDED, 511, KANDHAR, 4464, KHUDYACHIWADI, 183167, 18.923056, 77.244167, Kudhyachiwadi GP, 1,2,
MAHARASHTRA, 27, NANDED, 511, KANDHAR, 4464, KOTBAZAR, 183168, 18.874167, 77.203333, Kot Bazar GP, 1,2,
MAHARASHTRA, 27, NANDED, 511, KANDHAR, 4464, KURULA, 183169, 18.760083, 77.129283, Kurula GP, 1,2,
MAHARASHTRA, 27, NANDED, 511, KANDHAR, 4464, LADKA, 183170, 18.915278, 77.378333, Ladka GP, 1,2,
MAHARASHTRA, 27, NANDED, 511, KANDHAR, 4464, LALWADI, 183171, 18.899444, 77.217778, Lalwadi GP, 1,2,
MAHARASHTRA, 27, NANDED, 511, KANDHAR, 4464, LATH (KH), 183172, 18.939167, 77.270001, Lath (KH), 1,2,
MAHARASHTRA, 27, NANDED, 511, KANDHAR, 4464, MADALI, 183173, 18.756667, 77.378889, Madali GP, 1,2,
MAHARASHTRA, 27, NANDED, 511, KANDHAR, 4464, MAHALINGI, 183174, 18.699067, 77.083633, Mahalingi GP, 1,2,
MAHARASHTRA, 27, NANDED, 511, KANDHAR, 4464, MAJRE DHARMAPURI, 183135, 18.907778, 77.173056, Majre Dharmapuri GP, 1,2,
MAHARASHTRA, 27, NANDED, 511, KANDHAR, 4464, MANASPURI, 183175, 18.871701, 77.208833, Manaspuri GP, 1,2,
MAHARASHTRA, 27, NANDED, 511, KANDHAR, 4464, MANGAL SANGVI, 183176, 18.897222, 77.299444, MangalSangvi GP, 1,2,
MAHARASHTRA, 27, NANDED, 511, KANDHAR, 4464, MANGNALI, 183177, 18.806853, 77.30625, Mangnali GP, 1,2,
MAHARASHTRA, 27, NANDED, 511, KANDHAR, 4464, MANSINGWADI, 183178, 18.781944, 77.231667, Mansingwadi, 1,2,
MAHARASHTRA, 27, NANDED, 511, KANDHAR, 4464, MARSHIVNI, 183179, 18.743056, 77.168056, Marshivani GP, 1,2,
MAHARASHTRA, 27, NANDED, 511, KANDHAR, 4464, MASALGA, 183180, 18.772222, 77.381111, Masalga GP, 1,2,
MAHARASHTRA, 27, NANDED, 511, KANDHAR, 4464, MOHIJA, 183181, 18.744167, 77.067501, Mohija GP, 1,2,
MAHARASHTRA, 27, NANDED, 511, KANDHAR, 4464, MUNDEWADI, 183182, 18.841389, 77.250278, MUNDEWADI GP, 1,2,
MAHARASHTRA, 27, NANDED, 511, KANDHAR, 4464, NAGALGAON, 183183, 18.776944, 77.142222, Nagalgaon GP, 1,2,
MAHARASHTRA, 27, NANDED, 511, KANDHAR, 4464, NANDANSHIVNI, 183184, 18.705601, 77.122183, Nandanshivani, 1,2,
MAHARASHTRA, 27, NANDED, 511, KANDHAR, 4464, NANDANWAN, 183185, 18.884444, 77.311667, Nandanwan GP, 1,2,
MAHARASHTRA, 27, NANDED, 511, KANDHAR, 4464, NARNALI, 183186, 18.749167, 77.404444, Narnali GP, 1,2,
MAHARASHTRA, 27, NANDED, 511, KANDHAR, 4464, NAWANDIYACHIWADI, 183187, 18.810833, 77.270278, Nawandyachiwadi, 1,2,
MAHARASHTRA, 27, NANDED, 511, KANDHAR, 4464, NAWGHARWADI, 183188, 18.910001, 77.189722, Nawgharwadi GP, 1,2,
MAHARASHTRA, 27, NANDED, 511, KANDHAR, 4464, NAWRANGPURA, 183189, 18.883333, 77.200278, Nawrangpura GP, 1,2,
MAHARASHTRA, 27, NANDED, 511, KANDHAR, 4464, PANBHOSHI, 183190, 18.926517, 77.191983, Panbhosi GP, 1,2,
MAHARASHTRA, 27, NANDED, 511, KANDHAR, 4464, PANGRA, 183191, 18.925033, 77.230001, Pangra GP, 1,2,
MAHARASHTRA, 27, NANDED, 511, KANDHAR, 4464, PANSHEWDI, 183192, 18.807776, 77.185001, Panshewdi GP, 1,2,
MAHARASHTRA, 27, NANDED, 511, KANDHAR, 4464, PATALGANGA, 183193, 18.823417, 77.143683, Patalganga GP, 1,2,
MAHARASHTRA, 27, NANDED, 511, KANDHAR, 4464, PETHWADAJ, 183194, 18.781017, 77.318567, Pethwadaj GP, 1,2,
MAHARASHTRA, 27, NANDED, 511, KANDHAR, 4464, PHULWAL, 183195, 18.834094, 77.217912, Phulwal GP, 1,2,
MAHARASHTRA, 27, NANDED, 511, KANDHAR, 4464, POKHARNI, 183196, 18.767558, 77.184728, POKHARNI GP, 1,2,
MAHARASHTRA, 27, NANDED, 511, KANDHAR, 4464, RAHATI, 183197, 18.81455, 77.334667, RAHATI GP, 1,2,
MAHARASHTRA, 27, NANDED, 511, KANDHAR, 4464, RAMA NAIK TANDA, 183198, 18.7876, 77.116067, Ramanaik Tanda GP, 1,2,
MAHARASHTRA, 27, NANDED, 511, KANDHAR, 4464, RAUTKHEDA, 183199, 18.841389, 77.378611, Rauthkheda GP, 1,2,
MAHARASHTRA, 27, NANDED, 511, KANDHAR, 4464, RUI, 183200, 18.749017, 77.278717, RUI GP, 1,2,
MAHARASHTRA, 27, NANDED, 511, KANDHAR, 4464, SANGAMWADI, 183201, 18.849667, 77.158001, Sangamwadi GP, 1,2,
MAHARASHTRA, 27, NANDED, 511, KANDHAR, 4464, SANGUCHIWADI, 183202, 18.938056, 77.234722, Saguchiwadi, 1,2,
MAHARASHTRA, 27, NANDED, 511, KANDHAR, 4464, SAWALESHWAR, 183203, 18.897778, 77.320278, Swaleshwar GP, 1,2,
MAHARASHTRA, 27, NANDED, 511, KANDHAR, 4464, SAWARGAON (NI), 183204, 18.769444, 77.262222, Sawargaon (NI), 1,2,
MAHARASHTRA, 27, NANDED, 511, KANDHAR, 4464, SHEKAPUR, 183205, 18.852217, 77.169967, Shekapur GP, 1,2,
MAHARASHTRA, 27, NANDED, 511, KANDHAR, 4464, SHELALI, 183206, 18.800717, 77.254983, Shelali GP, 1,2,
MAHARASHTRA, 27, NANDED, 511, KANDHAR, 4464, SHIRADHON, 183207, 18.961633, 77.323367, Shiradhone GP, 1,2,
MAHARASHTRA, 27, NANDED, 511, KANDHAR, 4464, SHIRSHI (BJK), 183208, 18.791217, 77.341001, Shirshi BK, 1,2,
MAHARASHTRA, 27, NANDED, 511, KANDHAR, 4464, SHIRSHI (KH), 183209, 18.785278, 77.337778, Shirshi KH, 1,2,
MAHARASHTRA, 27, NANDED, 511, KANDHAR, 4464, SHIRUR, 183210, 18.805556, 77.390556, Shirur GP, 1,2,
MAHARASHTRA, 27, NANDED, 511, KANDHAR, 4464, SOMTHANA, 183211, 18.760833, 77.174444, Somthana GP, 1,2,
MAHARASHTRA, 27, NANDED, 511, KANDHAR, 4464, TALYACHIWADI, 183212, 18.83765, 77.168433, Talyachiwadi GP, 1,2,
MAHARASHTRA, 27, NANDED, 511, KANDHAR, 4464, TELANGWADI, 183213, 18.996389, 77.310556, Telangwadi GP, 1,2,
MAHARASHTRA, 27, NANDED, 511, KANDHAR, 4464, TELUR, 183214, 18.833286, 77.361909, Telur GP, 1,2,
MAHARASHTRA, 27, NANDED, 511, KANDHAR, 4464, UMARGA (KHO), 183215, 18.731389, 77.158611, Umarga Kho GP, 1,2,
MAHARASHTRA, 27, NANDED, 511, KANDHAR, 4464, UMRAJ, 183216, 18.837583, 77.123167, Umraj GP, 1,2,
MAHARASHTRA, 27, NANDED, 511, KANDHAR, 4464, USMAN NAGAR, 183217, 18.963889, 77.295278, Usmannagar GP, 1,2,
MAHARASHTRA, 27, NANDED, 511, KANDHAR, 4464, WAHAD, 183218, 18.74815, 77.085883, Wahad GP, 1,2,
MAHARASHTRA, 27, NANDED, 511, KANDHAR, 4464, WAKHARAD, 183219, 18.85165, 77.266217, Wakharad GP, 1,2,
MAHARASHTRA, 27, NANDED, 511, KANDHAR, 4464, WANJARWADI, 183220, 18.914167, 77.210556, Wanjarwadi GP, 1,2,
MAHARASHTRA, 27, NANDED, 511, KANDHAR, 4464, WARWANT, 183221, 18.814741, 77.33411, Warwat GP, 1,2,
MAHARASHTRA, 27, NANDED, 511, KANDHAR, 4464, YELLUR, 183222, 18.776389, 77.376111, Yelur GP, 1,2,
MAHARASHTRA, 27, NANDED, 511, NAIGAON, 4470, ALUWADGAON, 183717, 18.789483, 77.447836, Aluwadgaon, 1,2,
MAHARASHTRA, 27, NANDED, 511, NAIGAON, 4470, ANCHOLI, 183718, 18.893611, 77.454444, Ancholi GP, 1,2,
MAHARASHTRA, 27, NANDED, 511, NAIGAON, 4470, ANTERGAON, 183719, 18.987222, 77.525278, Antergaon, 1,2,
MAHARASHTRA, 27, NANDED, 511, NAIGAON, 4470, AURALA, 183720, 18.863756, 77.606111, AURALA, 1,2,
MAHARASHTRA, 27, NANDED, 511, NAIGAON, 4470, BALEGAON, 183721, 18.960497, 77.574722, BALEGAON, 1,2,
MAHARASHTRA, 27, NANDED, 511, NAIGAON, 4470, BARBADA, 183722, 18.9925, 77.496111, Barbada, 1,2,
MAHARASHTRA, 27, NANDED, 511, NAIGAON, 4470, BENDERI, 183723, 18.841667, 77.484167, Benderi GP, 1,2,
MAHARASHTRA, 27, NANDED, 511, NAIGAON, 4470, BETAKBILOLI, 183724, 18.843247, 77.563567, Beteka Biloli, 1,2,
MAHARASHTRA, 27, NANDED, 511, NAIGAON, 4470, BHOPALA, 183725, 18.740433, 77.5625, Bhopala, 1,2,
MAHARASHTRA, 27, NANDED, 511, NAIGAON, 4470, CHARWADI, 183726, 18.896569, 77.586014, Charwadi, 1,2,
MAHARASHTRA, 27, NANDED, 511, NAIGAON, 4470, DEGAON, 183727, 18.885833, 77.529722, Degaon GP, 1,2,
MAHARASHTRA, 27, NANDED, 511, NAIGAON, 4470, DEREGAON, 183728, 18.870556, 77.410833, Daregaon GP, 1,2,
MAHARASHTRA, 27, NANDED, 511, NAIGAON, 4470, DHANAJ, 183729, 18.913097, 77.627347, DHANAJ, 1,2,
MAHARASHTRA, 27, NANDED, 511, NAIGAON, 4470, DHANORA, 183730, 18.770428, 77.515356, Dhanora, 1,2,
MAHARASHTRA, 27, NANDED, 511, NAIGAON, 4470, DHUPPA, 183731, 18.758953, 77.559444, Dhuppa, 1,2,
MAHARASHTRA, 27, NANDED, 511, NAIGAON, 4470, DONGARGAON, 183732, 18.879608, 77.621667, DONGARGAON, 1,2,
MAHARASHTRA, 27, NANDED, 511, NAIGAON, 4470, GADGA, 183733, 18.812481, 77.461389, Gadga, 1,2,
MAHARASHTRA, 27, NANDED, 511, NAIGAON, 4470, GHUNGRALA, 183734, 18.923333, 77.506667, Ghungrala GP, 1,2,
MAHARASHTRA, 27, NANDED, 511, NAIGAON, 4470, GODAMGAON, 183735, 18.878889, 77.446389, Godamgaon GP, 1,2,
MAHARASHTRA, 27, NANDED, 511, NAIGAON, 4470, GOLEGAON, 183736, 18.841667, 77.506667, Golegaon GP, 1,2,
MAHARASHTRA, 27, NANDED, 511, NAIGAON, 4470, HANGARGA, 183737, 18.875581, 77.593056, HANGARGA, 1,2,
MAHARASHTRA, 27, NANDED, 511, NAIGAON, 4470, HIPPARGA (J), 183738, 18.916667, 77.458889, Hipparga J GP, 1,2,
MAHARASHTRA, 27, NANDED, 511, NAIGAON, 4470, HOTALA, 183739, 18.814581, 77.516111, Hotala, 1,2,
MAHARASHTRA, 27, NANDED, 511, NAIGAON, 4470, HUSSA, 183740, 18.900089, 77.633567, HUSSA, 1,2,
MAHARASHTRA, 27, NANDED, 511, NAIGAON, 4470, IJATGAON, 183743, 18.978056, 77.565833, IZATGAON, 1,2,
MAHARASHTRA, 27, NANDED, 511, NAIGAON, 4470, IKLIMAL, 183741, 18.925278, 77.582778, IKLIMAL, 1,2,
MAHARASHTRA, 27, NANDED, 511, NAIGAON, 4470, IKLIMOR, 183742, 18.852567, 77.6025, IKLIMOR, 1,2,
MAHARASHTRA, 27, NANDED, 511, NAIGAON, 4470, KAHALA (BK), 183744, 18.972778, 77.445278, Kahala BK GP, 1,2,
MAHARASHTRA, 27, NANDED, 511, NAIGAON, 4470, KAHALA (KH), 183745, 18.966689, 77.445556, Kahala KH GP, 1,2,
MAHARASHTRA, 27, NANDED, 511, NAIGAON, 4470, KANDALA, 183746, 18.784072, 77.509167, Kandala, 1,2,
MAHARASHTRA, 27, NANDED, 511, NAIGAON, 4470, KARLA (T.M.), 183747, 18.768928, 77.444283, Karla T M, 1,2,
MAHARASHTRA, 27, NANDED, 511, NAIGAON, 4470, KEDARWADGAON, 183748, 18.806117, 77.419722, Kedar wadgaon, 1,2,
MAHARASHTRA, 27, NANDED, 511, NAIGAON, 4470, KHAIRGAON, 183749, 18.838056, 77.535, Khairgaon GP, 1,2,
MAHARASHTRA, 27, NANDED, 511, NAIGAON, 4470, KHANDGAON, 183750, 18.835717, 77.494722, Khandgaon, 1,2,
MAHARASHTRA, 27, NANDED, 511, NAIGAON, 4470, KOKALEGAON, 183751, 18.886581, 77.563611, KOKALEGAON, 1,2,
MAHARASHTRA, 27, NANDED, 511, NAIGAON, 4470, KOLAMBI, 183752, 18.887389, 77.424167, Kolambi GP, 1,2,
MAHARASHTRA, 27, NANDED, 511, NAIGAON, 4470, KOTHALA, 183753, 18.866144, 77.616944, KOTHALA, 1,2,
MAHARASHTRA, 27, NANDED, 511, NAIGAON, 4470, KRUSHNUR, 183756, 18.941389, 77.481667, Krushnur GP, 1,2,
MAHARASHTRA, 27, NANDED, 511, NAIGAON, 4470, KUNCHALI, 183754, 18.763269, 77.535, Kunchali, 1,2,
MAHARASHTRA, 27, NANDED, 511, NAIGAON, 4470, KUNTUR, 183755, 18.906139, 77.568333, Kuntur, 1,2,
MAHARASHTRA, 27, NANDED, 511, NAIGAON, 4470, LALWANDI, 183757, 18.87, 77.477778, Lalwandi GP, 1,2,
MAHARASHTRA, 27, NANDED, 511, NAIGAON, 4470, MANDANI, 183758, 18.962222, 77.433333, Mandani GP, 1,2,
MAHARASHTRA, 27, NANDED, 511, NAIGAON, 4470, MANJARAM, 183759, 18.844167, 77.445278, Manjaram Gp, 1,2,
MAHARASHTRA, 27, NANDED, 511, NAIGAON, 4470, MANUR (TB), 183760, 18.981667, 77.546667, Manur(TB), 1,2,
MAHARASHTRA, 27, NANDED, 511, NAIGAON, 4470, MARWALI, 183761, 18.786153, 77.473528, Marwali, 1,2,
MAHARASHTRA, 27, NANDED, 511, NAIGAON, 4470, MARWALI TANDA, 183762, 18.791583, 77.494444, Marwali tanda, 1,2,
MAHARASHTRA, 27, NANDED, 511, NAIGAON, 4470, MELGAON, 183763, 18.920419, 77.616319, MELGAON, 1,2,
MAHARASHTRA, 27, NANDED, 511, NAIGAON, 4470, MOKASDARA, 183764, 18.824722, 77.4475, Mokasdara GP, 1,2,
MAHARASHTRA, 27, NANDED, 511, NAIGAON, 4470, MUGAON, 183765, 18.747131, 77.486211, Mugaon, 1,2,
MAHARASHTRA, 27, NANDED, 511, NAIGAON, 4470, MUSTAPUR, 183766, 18.830131, 77.593872, Mustapur GP, 1,2,
MAHARASHTRA, 27, NANDED, 511, NAIGAON, 4470, NAIGAON (BAZAR), 183767, 18.846111, 77.528889, Naigaon (Bazar) GP, 1,2,
MAHARASHTRA, 27, NANDED, 511, NAIGAON, 4470, NARANGAL, 183768, 18.906944, 77.436667, Narangal GP, 1,2,
MAHARASHTRA, 27, NANDED, 511, NAIGAON, 4470, NARSI, 183769, 18.812025, 77.535278, Narsi, 1,2,
MAHARASHTRA, 27, NANDED, 511, NAIGAON, 4470, NAWANDI, 183770, 18.798561, 77.431122, Nawandi, 1,2,
MAHARASHTRA, 27, NANDED, 511, NAIGAON, 4470, NILEGAVAN, 183771, 18.921667, 77.4825, Nilegavan GP, 1,2,
MAHARASHTRA, 27, NANDED, 511, NAIGAON, 4470, PALASGAON, 183772, 18.888333, 77.511111, Palasgaon GP, 1,2,
MAHARASHTRA, 27, NANDED, 511, NAIGAON, 4470, PARADWADI, 183773, 18.903333, 77.593889, Paradwadi GP, 1,2,
MAHARASHTRA, 27, NANDED, 511, NAIGAON, 4470, PATODA (TB), 183774, 18.987222, 18.468889, Patoda GP, 1,2,
MAHARASHTRA, 27, NANDED, 511, NAIGAON, 4470, PIMPALGAON, 183775, 18.840833, 77.528056, Pimpalgaon GP, 1,2,
MAHARASHTRA, 27, NANDED, 511, NAIGAON, 4470, RAHER, 183776, 18.879444, 77.668056, Raher, 1,2,
MAHARASHTRA, 27, NANDED, 511, NAIGAON, 4470, RAJGADNAGAR, 255347, 18.883672, 77.571372, RAJGADNAGAR, 1,2,
MAHARASHTRA, 27, NANDED, 511, NAIGAON, 4470, RANSUGAON, 183777, 18.906111, 77.471111, Ransugaon GP, 1,2,
MAHARASHTRA, 27, NANDED, 511, NAIGAON, 4470, RATOLI, 183778, 18.748744, 77.453611, Ratoli, 1,2,
MAHARASHTRA, 27, NANDED, 511, NAIGAON, 4470, RUI (BK), 183779, 18.934247, 77.549167, Rui (BK), 1,2,
MAHARASHTRA, 27, NANDED, 511, NAIGAON, 4470, RUI (KH), 183780, 18.944647, 77.564167, Rui (Kh), 1,2,
MAHARASHTRA, 27, NANDED, 511, NAIGAON, 4470, SALEGAON (KU), 183781, 18.884603, 77.607778, Salegaon, 1,2,
MAHARASHTRA, 27, NANDED, 511, NAIGAON, 4470, SANGVI, 183782, 18.9157, 77.602536, SANGVI, 1,2,
MAHARASHTRA, 27, NANDED, 511, NAIGAON, 4470, SATEGAON, 183783, 18.943139, 77.583056, SATEGAON, 1,2,
MAHARASHTRA, 27, NANDED, 511, NAIGAON, 4470, SAWARKHED, 183784, 18.943611, 77.521389, Sawarkhed GP, 1,2,
MAHARASHTRA, 27, NANDED, 511, NAIGAON, 4470, SHELGAON CHHATRI, 183785, 18.859894, 77.553056, SHELGAON chatri, 1,2,
MAHARASHTRA, 27, NANDED, 511, NAIGAON, 4470, SHELGAON GAURI, 183786, 18.741739, 77.539119, ShELGAON Gauri, 1,2,
MAHARASHTRA, 27, NANDED, 511, NAIGAON, 4470, SOMTHANA, 183787, 18.929508, 77.436844, Somthana GP, 1,2,
MAHARASHTRA, 27, NANDED, 511, NAIGAON, 4470, SUJLEGAON, 183788, 18.856858, 77.577333, SUJLEGAON, 1,2,
MAHARASHTRA, 27, NANDED, 511, NAIGAON, 4470, TAKBID, 183789, 18.890278, 77.501111, Takbid GP, 1,2,
MAHARASHTRA, 27, NANDED, 511, NAIGAON, 4470, TAKLI (BK), 183790, 19.021944, 77.548056, Takli(BK), 1,2,
MAHARASHTRA, 27, NANDED, 511, NAIGAON, 4470, TAKLI (T.M.), 183792, 18.748744, 77.453611, Takli TM, 1,2,
MAHARASHTRA, 27, NANDED, 511, NAIGAON, 4470, TAKLI (TB), 183791, 19.021958, 77.463922, TAKLI TB, 1,2,
MAHARASHTRA, 27, NANDED, 511, NAIGAON, 4470, TALBID, 183793, 18.910556, 77.509167, Talbid GP, 1,2,
MAHARASHTRA, 27, NANDED, 511, NAIGAON, 4470, TEMBHURNI, 183794, 19.014167, 77.411389, Temburni, 1,2,
MAHARASHTRA, 27, NANDED, 511, NAIGAON, 4470, VAJIRGAON, 183795, 18.928333, 77.464167, Vazirgaon, 1,2,
MAHARASHTRA, 27, NANDED, 511, NAIGAON, 4470, WANJARWADI, 183796, 18.928333, 77.532778, Wanjarwadi GP, 1,2,
MAHARASHTRA, 27, NANDED, 511, NANDED, 4471, ALEGAON, 183797, 19.257672, 77.217223, ALEGAON, 1,2,
MAHARASHTRA, 27, NANDED, 511, NANDED, 4471, BABULGAON, 183798, 19.080021, 77.324077, BABULGAON, 1,2,
MAHARASHTRA, 27, NANDED, 511, NANDED, 4471, BALIRAMPUR, 183799, 19.119714, 77.337329, BALIRAMPUR, 1,2,
MAHARASHTRA, 27, NANDED, 511, NANDED, 4471, BHANGI, 183800, 19.091583, 77.206546, BHANGI, 1,2,
MAHARASHTRA, 27, NANDED, 511, NANDED, 4471, BHAYEGAON, 183801, 19.090415, 77.374936, BHAYEGAON, 1,2,
MAHARASHTRA, 27, NANDED, 511, NANDED, 4471, BONDHAR (H), 183802, 19.159702, 77.350804, BONDHAR (H), 1,2,
MAHARASHTRA, 27, NANDED, 511, NANDED, 4471, BONDHAR (N), 183803, 19.23488, 77.269413, BONDHAR (N), 1,2,
MAHARASHTRA, 27, NANDED, 511, NANDED, 4471, BORGAON (T), 183804, 19.130113, 77.249213, BORGAON (T), 1,2,
MAHARASHTRA, 27, NANDED, 511, NANDED, 4471, BRAHAMANWADA, 183805, 19.162013, 77.398391, BRAHAMANWADA, 1,2,
MAHARASHTRA, 27, NANDED, 511, NANDED, 4471, CHICKLI (BK), 183806, 19.24388, 77.255491, CHICKLI (BK), 1,2,
MAHARASHTRA, 27, NANDED, 511, NANDED, 4471, CHIKHLI (KH), 183807, 19.231183, 77.258046, CHIKHLI (KH), 1,2,
MAHARASHTRA, 27, NANDED, 511, NANDED, 4471, CHIMEGAON, 183808, 19.236091, 77.266135, CHIMEGAON, 1,2,
MAHARASHTRA, 27, NANDED, 511, NANDED, 4471, DARYAPUR, 183809, 19.171557, 77.255273, DARYAPUR, 1,2,
MAHARASHTRA, 27, NANDED, 511, NANDED, 4471, DHANEGAON, 183810, 19.129113, 77.335046, DHANEGAON, 1,2,
MAHARASHTRA, 27, NANDED, 511, NANDED, 4471, DHANGARWADI, 183811, 19.081946, 77.271624, DHANGARWADI, 1,2,
MAHARASHTRA, 27, NANDED, 511, NANDED, 4471, DHANORA, 183812, 19.193026, 77.209028, DHANORA, 1,2,
MAHARASHTRA, 27, NANDED, 511, NANDED, 4471, DHOKI, 183813, 19.162613, 77.214013, DHOKI, 1,2,
MAHARASHTRA, 27, NANDED, 511, NANDED, 4471, EKDARA, 183814, 19.256955, 77.233016, EKDARA, 1,2,
MAHARASHTRA, 27, NANDED, 511, NANDED, 4471, FATHEPUR, 183815, 19.141053, 77.359162, FATHEPUR, 1,2,
MAHARASHTRA, 27, NANDED, 511, NANDED, 4471, GADEGAON, 183816, 19.178176, 77.362411, GADEGAON, 1,2,
MAHARASHTRA, 27, NANDED, 511, NANDED, 4471, GANGABETH, 183817, 19.094111, 77.179454, GANGABETH, 1,2,
MAHARASHTRA, 27, NANDED, 511, NANDED, 4471, GOPAL CHAWADI, 183818, 19.098412, 77.329783, GOPAL CHAWADI, 1,2,
MAHARASHTRA, 27, NANDED, 511, NANDED, 4471, GUNDEGAON, 183819, 19.080252, 77.309391, GUNDEGAON, 1,2,
MAHARASHTRA, 27, NANDED, 511, NANDED, 4471, INJEGAON, 183821, 19.151291, 77.365913, INJEGAON, 1,2,
MAHARASHTRA, 27, NANDED, 511, NANDED, 4471, JAITAPUR, 183822, 19.124485, 77.179742, JAITAPUR, 1,2,
MAHARASHTRA, 27, NANDED, 511, NANDED, 4471, KAKANDI, 183823, 19.071014, 77.370313, KAKANDI, 1,2,
MAHARASHTRA, 27, NANDED, 511, NANDED, 4471, KALHAL, 183824, 19.096905, 77.253618, KALHAL, 1,2,
MAHARASHTRA, 27, NANDED, 511, NANDED, 4471, KAMTHA (KH), 183825, 19.180045, 77.344873, KAMTHA (KH), 1,2,
MAHARASHTRA, 27, NANDED, 511, NANDED, 4471, KASARKHEDA, 183826, 19.266174, 77.268333, KASARKHEDA, 1,2,
MAHARASHTRA, 27, NANDED, 511, NANDED, 4471, KHADKUT, 183827, 19.219075, 77.358096, KHADKUT, 1,2,
MAHARASHTRA, 27, NANDED, 511, NANDED, 4471, KHUPSARWADI, 183828, 19.086513, 77.254257, KHUPSARWADI, 1,2,
MAHARASHTRA, 27, NANDED, 511, NANDED, 4471, KHURGAON, 183829, 19.238202, 77.304584, KHURGAON, 1,2,
MAHARASHTRA, 27, NANDED, 511, NANDED, 4471, KIKI, 183830, 19.08618, 77.378194, KIKI, 1,2,
MAHARASHTRA, 27, NANDED, 511, NANDED, 4471, KOT TEERTH, 183831, 19.132341, 77.275327, KOT TEERTH, 1,2,
MAHARASHTRA, 27, NANDED, 511, NANDED, 4471, LIMBGAON, 183832, 19.179344, 77.194767, LIMBGAON, 1,2,
MAHARASHTRA, 27, NANDED, 511, NANDED, 4471, MARKAND, 183833, 19.092782, 77.238223, MARKAND, 1,2,
MAHARASHTRA, 27, NANDED, 511, NANDED, 4471, MARLAK (BK), 183834, 19.215645, 77.238653, MARLAK (BK), 1,2,
MAHARASHTRA, 27, NANDED, 511, NANDED, 4471, NAGAPUR, 183835, 19.14985, 77.39137, NAGAPUR, 1,2,
MAHARASHTRA, 27, NANDED, 511, NANDED, 4471, NALESHWAR, 183836, 19.148053, 77.208601, NALESHWAR, 1,2,
MAHARASHTRA, 27, NANDED, 511, NANDED, 4471, NANDUSA, 183837, 19.247042, 77.298274, NANDUSA, 1,2,
MAHARASHTRA, 27, NANDED, 511, NANDED, 4471, NASRATPUR, 183820, 19.161345, 77.287863, NASRATPUR, 1,2,
MAHARASHTRA, 27, NANDED, 511, NANDED, 4471, NERLI, 183838, 19.227287, 77.283545, NERLI, 1,2,
MAHARASHTRA, 27, NANDED, 511, NANDED, 4471, NILA, 183839, 19.250861, 77.225643, NILA, 1,2,
MAHARASHTRA, 27, NANDED, 511, NANDED, 4471, PANGRI (A), 183840, 19.093122, 77.293989, PANGRI (A), 1,2,
MAHARASHTRA, 27, NANDED, 511, NANDED, 4471, PASADGAON, 183841, 19.216814, 77.291285, PASADGAON, 1,2,
MAHARASHTRA, 27, NANDED, 511, NANDED, 4471, PIMPALGAON (K), 183842, 19.134543, 77.235965, PIMPALGAON (K), 1,2,
MAHARASHTRA, 27, NANDED, 511, NANDED, 4471, PIMPALGAON (M), 183843, 19.116642, 77.381277, PIMPALGAON (M), 1,2,
MAHARASHTRA, 27, NANDED, 511, NANDED, 4471, PIMPALGAON (N), 183844, 19.09216, 77.221034, PIMPALGAON (N), 1,2,
MAHARASHTRA, 27, NANDED, 511, NANDED, 4471, PIMPRI (M), 183845, 19.236545, 77.203732, PIMPRI (M), 1,2,
MAHARASHTRA, 27, NANDED, 511, NANDED, 4471, POKHARNI, 183846, 19.181311, 77.22183, POKHARNI, 1,2,
MAHARASHTRA, 27, NANDED, 511, NANDED, 4471, PUNEGAON, 183847, 19.132561, 77.403443, PUNEGAON, 1,2,
MAHARASHTRA, 27, NANDED, 511, NANDED, 4471, PUYANI, 183848, 19.209324, 77.276915, PUYANI, 1,2,
MAHARASHTRA, 27, NANDED, 511, NANDED, 4471, RAHATI, 183849, 19.117892, 77.205096, RAHATI, 1,2,
MAHARASHTRA, 27, NANDED, 511, NANDED, 4471, RAHEGAON, 183850, 19.081623, 77.400261, RAHEGAON, 1,2,
MAHARASHTRA, 27, NANDED, 511, NANDED, 4471, SAYAL, 183851, 19.186614, 77.236405, SAYAL, 1,2,
MAHARASHTRA, 27, NANDED, 511, NANDED, 4471, SIDHNATH, 183852, 19.141132, 77.403899, SIDHNATH, 1,2,
MAHARASHTRA, 27, NANDED, 511, NANDED, 4471, SOMESHWAR, 183853, 19.119142, 77.196921, SOMESHWAR, 1,2,
MAHARASHTRA, 27, NANDED, 511, NANDED, 4471, SUGAON (BK), 183854, 19.150643, 77.264085, SUGAON (BK), 1,2,
MAHARASHTRA, 27, NANDED, 511, NANDED, 4471, SUGAON (KH), 183855, 19.150805, 77.267032, SUGAON (KH), 1,2,
MAHARASHTRA, 27, NANDED, 511, NANDED, 4471, TALNI, 183856, 19.214274, 77.200075, TALNI, 1,2,
MAHARASHTRA, 27, NANDED, 511, NANDED, 4471, THUGAON, 183859, 19.12479, 77.26661, THUGAON, 1,2,
MAHARASHTRA, 27, NANDED, 511, NANDED, 4471, TRIKUT, 183860, 19.171713, 77.387387, TRIKUT, 1,2,
MAHARASHTRA, 27, NANDED, 511, NANDED, 4471, TUPPA, 183861, 19.102487, 77.357576, TUPPA, 1,2,
MAHARASHTRA, 27, NANDED, 511, NANDED, 4471, VISHNUPURI, 183862, 19.111607, 77.285942, VISHNUPURI, 1,2,
MAHARASHTRA, 27, NANDED, 511, NANDED, 4471, WADAWANA, 183863, 19.227065, 77.215646, WADAWANA, 1,2,
MAHARASHTRA, 27, NANDED, 511, NANDED, 4471, WADGAON, 183864, 19.121345, 77.377464, WADGAON, 1,2,
MAHARASHTRA, 27, NANDED, 511, NANDED, 4471, WADI (BK), 183865, 19.184291, 77.269132, WADI (BK), 1,2,
MAHARASHTRA, 27, NANDED, 511, NANDED, 4471, WADI (PUYAD), 183866, 19.135532, 77.382635, WADI (PUYAD), 1,2,
MAHARASHTRA, 27, NANDED, 511, NANDED, 4471, WAGHI, 183867, 19.1597, 77.237922, WAGHI, 1,2,
MAHARASHTRA, 27, NANDED, 511, NANDED, 4471, WAHEGAON, 183868, 19.102111, 77.193423, WAHEGAON, 1,2,
MAHARASHTRA, 27, NANDED, 511, NANDED, 4471, WAJEGAON, 183869, 19.144815, 77.345995, WAJEGAON, 1,2,
MAHARASHTRA, 27, NANDED, 511, NANDED, 4471, WANEGAON, 183870, 19.168423, 77.247473, WANEGAON, 1,2,
MAHARASHTRA, 27, NANDED, 511, NANDED, 4471, WANGI, 183871, 19.162122, 77.373698, WANGI, 1,2,
